id,target_grade,grade_name,raw_severity
sample697.npy,0,Healthy,7.0
sample54.npy,3,Severe_Outbreak,81.0
sample2270.npy,0,Healthy,4.0
sample1401.npy,3,Severe_Outbreak,99.0
sample1901.npy,2,Moderate_Blight,43.0
sample326.npy,3,Severe_Outbreak,85.0
sample168.npy,2,Moderate_Blight,47.0
sample644.npy,3,Severe_Outbreak,83.0
sample99.npy,2,Moderate_Blight,39.0
sample633.npy,1,Early_Stress,23.0
sample83.npy,0,Healthy,5.0
sample231.npy,3,Severe_Outbreak,93.0
sample223.npy,2,Moderate_Blight,62.0
sample1934.npy,1,Early_Stress,21.0
sample2352.npy,3,Severe_Outbreak,77.0
sample1319.npy,0,Healthy,13.0
sample1189.npy,3,Severe_Outbreak,94.0
sample184.npy,1,Early_Stress,34.0
sample2694.npy,0,Healthy,13.0
sample2302.npy,2,Moderate_Blight,57.0
sample2123.npy,2,Moderate_Blight,55.0
sample1052.npy,0,Healthy,3.0
sample2003.npy,0,Healthy,3.0
sample29.npy,1,Early_Stress,22.0
sample183.npy,1,Early_Stress,25.0
sample1207.npy,3,Severe_Outbreak,100.0
sample2280.npy,3,Severe_Outbreak,77.0
sample1546.npy,2,Moderate_Blight,37.0
sample2304.npy,3,Severe_Outbreak,95.0
sample1716.npy,0,Healthy,11.0
sample874.npy,3,Severe_Outbreak,92.0
sample285.npy,0,Healthy,7.0
sample286.npy,1,Early_Stress,35.0
sample1063.npy,2,Moderate_Blight,63.0
sample1524.npy,2,Moderate_Blight,43.0
sample2572.npy,1,Early_Stress,25.0
sample677.npy,1,Early_Stress,31.0
sample374.npy,2,Moderate_Blight,59.0
sample1658.npy,3,Severe_Outbreak,69.0
sample48.npy,1,Early_Stress,35.0
sample951.npy,2,Moderate_Blight,36.0
sample2138.npy,2,Moderate_Blight,61.0
sample496.npy,3,Severe_Outbreak,74.0
sample271.npy,0,Healthy,0.0
sample1638.npy,3,Severe_Outbreak,100.0
sample2529.npy,0,Healthy,13.0
sample1252.npy,0,Healthy,8.0
sample666.npy,3,Severe_Outbreak,97.0
sample1997.npy,0,Healthy,1.0
sample539.npy,1,Early_Stress,33.0
sample2586.npy,3,Severe_Outbreak,88.0
sample1538.npy,3,Severe_Outbreak,66.0
sample1591.npy,3,Severe_Outbreak,98.0
sample2668.npy,3,Severe_Outbreak,75.0
sample774.npy,3,Severe_Outbreak,100.0
sample1398.npy,2,Moderate_Blight,44.0
sample1459.npy,3,Severe_Outbreak,100.0
sample106.npy,2,Moderate_Blight,64.0
sample241.npy,3,Severe_Outbreak,72.0
sample1471.npy,1,Early_Stress,24.0
sample799.npy,0,Healthy,2.0
sample1868.npy,3,Severe_Outbreak,97.0
sample590.npy,3,Severe_Outbreak,66.0
sample2148.npy,2,Moderate_Blight,49.0
sample2129.npy,0,Healthy,9.0
sample2268.npy,0,Healthy,7.0
sample1435.npy,3,Severe_Outbreak,84.0
sample876.npy,2,Moderate_Blight,40.0
sample643.npy,0,Healthy,9.0
sample673.npy,1,Early_Stress,18.0
sample1396.npy,2,Moderate_Blight,59.0
sample346.npy,2,Moderate_Blight,36.0
sample2495.npy,2,Moderate_Blight,46.0
sample1150.npy,3,Severe_Outbreak,95.0
sample1054.npy,3,Severe_Outbreak,90.0
sample1551.npy,2,Moderate_Blight,55.0
sample1479.npy,1,Early_Stress,25.0
sample1045.npy,3,Severe_Outbreak,98.0
sample632.npy,0,Healthy,12.0
sample778.npy,1,Early_Stress,22.0
sample1893.npy,0,Healthy,0.0
sample1044.npy,3,Severe_Outbreak,72.0
sample1840.npy,3,Severe_Outbreak,98.0
sample2078.npy,2,Moderate_Blight,42.0
sample1972.npy,3,Severe_Outbreak,86.0
sample1778.npy,2,Moderate_Blight,53.0
sample1966.npy,2,Moderate_Blight,38.0
sample1023.npy,0,Healthy,5.0
sample1811.npy,1,Early_Stress,35.0
sample272.npy,0,Healthy,2.0
sample686.npy,3,Severe_Outbreak,70.0
sample1610.npy,2,Moderate_Blight,47.0
sample2671.npy,2,Moderate_Blight,59.0
sample1326.npy,2,Moderate_Blight,49.0
sample2151.npy,3,Severe_Outbreak,88.0
sample2244.npy,2,Moderate_Blight,44.0
sample452.npy,3,Severe_Outbreak,93.0
sample969.npy,2,Moderate_Blight,39.0
sample1795.npy,3,Severe_Outbreak,82.0
sample6.npy,1,Early_Stress,32.0
sample2655.npy,0,Healthy,12.0
sample256.npy,1,Early_Stress,27.0
sample1217.npy,1,Early_Stress,32.0
sample1864.npy,3,Severe_Outbreak,85.0
sample1525.npy,2,Moderate_Blight,47.0
sample1669.npy,2,Moderate_Blight,42.0
sample628.npy,3,Severe_Outbreak,98.0
sample920.npy,0,Healthy,5.0
sample2326.npy,3,Severe_Outbreak,84.0
sample1316.npy,3,Severe_Outbreak,81.0
sample798.npy,3,Severe_Outbreak,83.0
sample2453.npy,2,Moderate_Blight,37.0
sample578.npy,0,Healthy,11.0
sample1687.npy,1,Early_Stress,29.0
sample1930.npy,2,Moderate_Blight,58.0
sample917.npy,0,Healthy,14.0
sample1793.npy,0,Healthy,3.0
sample746.npy,3,Severe_Outbreak,97.0
sample1593.npy,1,Early_Stress,30.0
sample1836.npy,2,Moderate_Blight,58.0
sample382.npy,3,Severe_Outbreak,77.0
sample565.npy,3,Severe_Outbreak,99.0
sample1690.npy,0,Healthy,3.0
sample568.npy,3,Severe_Outbreak,87.0
sample1752.npy,2,Moderate_Blight,57.0
sample1704.npy,3,Severe_Outbreak,75.0
sample1486.npy,0,Healthy,6.0
sample2404.npy,1,Early_Stress,26.0
sample855.npy,1,Early_Stress,35.0
sample487.npy,0,Healthy,2.0
sample1748.npy,2,Moderate_Blight,61.0
sample752.npy,3,Severe_Outbreak,90.0
sample684.npy,3,Severe_Outbreak,75.0
sample903.npy,1,Early_Stress,21.0
sample2504.npy,2,Moderate_Blight,61.0
sample2144.npy,0,Healthy,6.0
sample1111.npy,2,Moderate_Blight,65.0
sample2158.npy,1,Early_Stress,32.0
sample1710.npy,0,Healthy,9.0
sample1558.npy,3,Severe_Outbreak,89.0
sample1367.npy,2,Moderate_Blight,44.0
sample2195.npy,2,Moderate_Blight,39.0
sample429.npy,2,Moderate_Blight,52.0
sample943.npy,2,Moderate_Blight,38.0
sample1449.npy,0,Healthy,11.0
sample2680.npy,3,Severe_Outbreak,81.0
sample1309.npy,1,Early_Stress,19.0
sample787.npy,0,Healthy,6.0
sample1270.npy,2,Moderate_Blight,52.0
sample264.npy,3,Severe_Outbreak,92.0
sample1681.npy,1,Early_Stress,18.0
sample459.npy,3,Severe_Outbreak,94.0
sample1732.npy,0,Healthy,2.0
sample323.npy,3,Severe_Outbreak,68.0
sample2257.npy,1,Early_Stress,34.0
sample119.npy,2,Moderate_Blight,52.0
sample714.npy,3,Severe_Outbreak,100.0
sample2273.npy,3,Severe_Outbreak,86.0
sample1405.npy,2,Moderate_Blight,52.0
sample646.npy,2,Moderate_Blight,62.0
sample1077.npy,3,Severe_Outbreak,71.0
sample2111.npy,3,Severe_Outbreak,82.0
sample1560.npy,3,Severe_Outbreak,91.0
sample1240.npy,0,Healthy,2.0
sample2294.npy,2,Moderate_Blight,38.0
sample1262.npy,0,Healthy,5.0
sample1756.npy,3,Severe_Outbreak,90.0
sample655.npy,0,Healthy,13.0
sample1376.npy,3,Severe_Outbreak,88.0
sample1426.npy,2,Moderate_Blight,54.0
sample1773.npy,2,Moderate_Blight,60.0
sample2011.npy,3,Severe_Outbreak,84.0
sample961.npy,0,Healthy,1.0
sample570.npy,2,Moderate_Blight,65.0
sample923.npy,2,Moderate_Blight,64.0
sample1590.npy,0,Healthy,5.0
sample2613.npy,1,Early_Stress,20.0
sample2449.npy,0,Healthy,11.0
sample130.npy,2,Moderate_Blight,49.0
sample802.npy,0,Healthy,11.0
sample993.npy,0,Healthy,9.0
sample2533.npy,3,Severe_Outbreak,87.0
sample1251.npy,1,Early_Stress,28.0
sample2107.npy,2,Moderate_Blight,65.0
sample186.npy,1,Early_Stress,35.0
sample2259.npy,2,Moderate_Blight,36.0
sample558.npy,1,Early_Stress,32.0
sample1017.npy,1,Early_Stress,28.0
sample1553.npy,3,Severe_Outbreak,100.0
sample1580.npy,2,Moderate_Blight,41.0
sample2322.npy,0,Healthy,4.0
sample277.npy,3,Severe_Outbreak,86.0
sample1926.npy,2,Moderate_Blight,44.0
sample609.npy,1,Early_Stress,35.0
sample706.npy,3,Severe_Outbreak,70.0
sample410.npy,2,Moderate_Blight,61.0
sample1849.npy,3,Severe_Outbreak,81.0
sample1935.npy,3,Severe_Outbreak,69.0
sample1675.npy,0,Healthy,11.0
sample2677.npy,0,Healthy,7.0
sample2610.npy,1,Early_Stress,33.0
sample1613.npy,2,Moderate_Blight,65.0
sample206.npy,0,Healthy,15.0
sample2145.npy,3,Severe_Outbreak,90.0
sample2478.npy,2,Moderate_Blight,63.0
sample217.npy,2,Moderate_Blight,57.0
sample1199.npy,2,Moderate_Blight,41.0
sample1542.npy,3,Severe_Outbreak,98.0
sample838.npy,1,Early_Stress,16.0
sample2266.npy,2,Moderate_Blight,63.0
sample1274.npy,1,Early_Stress,30.0
sample1048.npy,2,Moderate_Blight,44.0
sample379.npy,2,Moderate_Blight,64.0
sample808.npy,0,Healthy,13.0
sample188.npy,2,Moderate_Blight,53.0
sample2370.npy,3,Severe_Outbreak,78.0
sample1310.npy,2,Moderate_Blight,51.0
sample1945.npy,0,Healthy,12.0
sample2713.npy,3,Severe_Outbreak,89.0
sample2408.npy,2,Moderate_Blight,38.0
sample1584.npy,2,Moderate_Blight,54.0
sample705.npy,2,Moderate_Blight,50.0
sample769.npy,1,Early_Stress,16.0
sample612.npy,3,Severe_Outbreak,69.0
sample834.npy,3,Severe_Outbreak,70.0
sample1723.npy,0,Healthy,6.0
sample2127.npy,2,Moderate_Blight,41.0
sample1740.npy,2,Moderate_Blight,49.0
sample2178.npy,2,Moderate_Blight,62.0
sample1174.npy,1,Early_Stress,16.0
sample1158.npy,2,Moderate_Blight,44.0
sample309.npy,3,Severe_Outbreak,66.0
sample973.npy,2,Moderate_Blight,41.0
sample2564.npy,3,Severe_Outbreak,93.0
sample489.npy,3,Severe_Outbreak,83.0
sample1974.npy,3,Severe_Outbreak,81.0
sample1602.npy,0,Healthy,9.0
sample2619.npy,0,Healthy,2.0
sample1116.npy,0,Healthy,4.0
sample1307.npy,1,Early_Stress,28.0
sample852.npy,2,Moderate_Blight,62.0
sample2361.npy,1,Early_Stress,23.0
sample2356.npy,2,Moderate_Blight,60.0
sample2074.npy,2,Moderate_Blight,41.0
sample1278.npy,2,Moderate_Blight,40.0
sample1575.npy,1,Early_Stress,20.0
sample1346.npy,1,Early_Stress,35.0
sample595.npy,3,Severe_Outbreak,66.0
sample823.npy,1,Early_Stress,32.0
sample328.npy,1,Early_Stress,27.0
sample1160.npy,2,Moderate_Blight,55.0
sample1385.npy,3,Severe_Outbreak,86.0
sample1446.npy,0,Healthy,5.0
sample1166.npy,1,Early_Stress,32.0
sample1918.npy,2,Moderate_Blight,54.0
sample2664.npy,2,Moderate_Blight,47.0
sample1167.npy,2,Moderate_Blight,64.0
sample2678.npy,3,Severe_Outbreak,67.0
sample2318.npy,1,Early_Stress,19.0
sample734.npy,2,Moderate_Blight,44.0
sample307.npy,0,Healthy,9.0
sample240.npy,3,Severe_Outbreak,80.0
sample2682.npy,0,Healthy,12.0
sample1939.npy,1,Early_Stress,34.0
sample358.npy,0,Healthy,7.0
sample983.npy,1,Early_Stress,18.0
sample1441.npy,2,Moderate_Blight,59.0
sample2190.npy,1,Early_Stress,33.0
sample1968.npy,3,Severe_Outbreak,68.0
sample1622.npy,3,Severe_Outbreak,88.0
sample765.npy,2,Moderate_Blight,57.0
sample2238.npy,0,Healthy,14.0
sample1682.npy,1,Early_Stress,29.0
sample314.npy,2,Moderate_Blight,56.0
sample2590.npy,0,Healthy,1.0
sample2104.npy,3,Severe_Outbreak,80.0
sample1107.npy,0,Healthy,2.0
sample2670.npy,2,Moderate_Blight,41.0
sample2216.npy,2,Moderate_Blight,44.0
sample1254.npy,0,Healthy,5.0
sample699.npy,2,Moderate_Blight,58.0
sample2108.npy,2,Moderate_Blight,44.0
sample453.npy,3,Severe_Outbreak,79.0
sample840.npy,1,Early_Stress,28.0
sample617.npy,1,Early_Stress,35.0
sample1906.npy,3,Severe_Outbreak,68.0
sample94.npy,2,Moderate_Blight,63.0
sample344.npy,2,Moderate_Blight,44.0
sample1330.npy,3,Severe_Outbreak,67.0
sample2450.npy,3,Severe_Outbreak,85.0
sample511.npy,3,Severe_Outbreak,97.0
sample1500.npy,3,Severe_Outbreak,93.0
sample455.npy,0,Healthy,11.0
sample2186.npy,2,Moderate_Blight,58.0
sample1275.npy,3,Severe_Outbreak,95.0
sample2720.npy,3,Severe_Outbreak,67.0
sample1184.npy,2,Moderate_Blight,57.0
sample2579.npy,2,Moderate_Blight,52.0
sample720.npy,0,Healthy,0.0
sample1109.npy,1,Early_Stress,21.0
sample1256.npy,1,Early_Stress,35.0
sample1519.npy,3,Severe_Outbreak,94.0
sample303.npy,2,Moderate_Blight,40.0
sample957.npy,3,Severe_Outbreak,77.0
sample2517.npy,0,Healthy,13.0
sample883.npy,0,Healthy,15.0
sample1249.npy,3,Severe_Outbreak,78.0
sample2061.npy,1,Early_Stress,24.0
sample1231.npy,0,Healthy,12.0
sample1325.npy,2,Moderate_Blight,64.0
sample2548.npy,0,Healthy,9.0
sample2220.npy,1,Early_Stress,20.0
sample1545.npy,3,Severe_Outbreak,97.0
sample2601.npy,2,Moderate_Blight,43.0
sample2624.npy,3,Severe_Outbreak,92.0
sample1568.npy,2,Moderate_Blight,49.0
sample2353.npy,3,Severe_Outbreak,84.0
sample703.npy,1,Early_Stress,19.0
sample216.npy,1,Early_Stress,18.0
sample1259.npy,1,Early_Stress,24.0
sample1991.npy,3,Severe_Outbreak,92.0
sample2217.npy,3,Severe_Outbreak,68.0
sample2278.npy,3,Severe_Outbreak,80.0
sample2012.npy,3,Severe_Outbreak,78.0
sample1382.npy,2,Moderate_Blight,52.0
sample437.npy,3,Severe_Outbreak,92.0
sample234.npy,1,Early_Stress,26.0
sample447.npy,3,Severe_Outbreak,73.0
sample1147.npy,2,Moderate_Blight,59.0
sample105.npy,1,Early_Stress,24.0
sample805.npy,3,Severe_Outbreak,98.0
sample1772.npy,3,Severe_Outbreak,94.0
sample635.npy,0,Healthy,2.0
sample2481.npy,3,Severe_Outbreak,93.0
sample166.npy,3,Severe_Outbreak,93.0
sample654.npy,3,Severe_Outbreak,90.0
sample1902.npy,1,Early_Stress,24.0
sample1208.npy,3,Severe_Outbreak,74.0
sample2692.npy,2,Moderate_Blight,41.0
sample2381.npy,3,Severe_Outbreak,97.0
sample2354.npy,1,Early_Stress,25.0
sample2013.npy,2,Moderate_Blight,48.0
sample98.npy,2,Moderate_Blight,55.0
sample92.npy,0,Healthy,15.0
sample533.npy,3,Severe_Outbreak,68.0
sample2411.npy,1,Early_Stress,33.0
sample1754.npy,3,Severe_Outbreak,76.0
sample936.npy,1,Early_Stress,23.0
sample1338.npy,3,Severe_Outbreak,91.0
sample2722.npy,0,Healthy,4.0
sample2638.npy,2,Moderate_Blight,49.0
sample2330.npy,0,Healthy,0.0
sample1269.npy,2,Moderate_Blight,63.0
sample153.npy,2,Moderate_Blight,52.0
sample367.npy,2,Moderate_Blight,56.0
sample1678.npy,3,Severe_Outbreak,90.0
sample1090.npy,1,Early_Stress,16.0
sample2440.npy,2,Moderate_Blight,57.0
sample2282.npy,3,Severe_Outbreak,93.0
sample1781.npy,1,Early_Stress,22.0
sample1664.npy,3,Severe_Outbreak,74.0
sample1992.npy,1,Early_Stress,22.0
sample2329.npy,1,Early_Stress,27.0
sample1478.npy,3,Severe_Outbreak,80.0
sample2328.npy,3,Severe_Outbreak,69.0
sample850.npy,3,Severe_Outbreak,71.0
sample884.npy,2,Moderate_Blight,55.0
sample1574.npy,1,Early_Stress,22.0
sample708.npy,2,Moderate_Blight,59.0
sample1168.npy,0,Healthy,13.0
sample2489.npy,3,Severe_Outbreak,72.0
sample1859.npy,3,Severe_Outbreak,93.0
sample494.npy,0,Healthy,7.0
sample949.npy,1,Early_Stress,24.0
sample2470.npy,3,Severe_Outbreak,82.0
sample2035.npy,2,Moderate_Blight,47.0
sample41.npy,1,Early_Stress,19.0
sample586.npy,2,Moderate_Blight,36.0
sample1461.npy,2,Moderate_Blight,54.0
sample2046.npy,3,Severe_Outbreak,83.0
sample2611.npy,2,Moderate_Blight,65.0
sample2215.npy,1,Early_Stress,35.0
sample2563.npy,1,Early_Stress,18.0
sample598.npy,1,Early_Stress,23.0
sample1548.npy,3,Severe_Outbreak,77.0
sample523.npy,1,Early_Stress,29.0
sample1506.npy,1,Early_Stress,25.0
sample1137.npy,3,Severe_Outbreak,77.0
sample2674.npy,1,Early_Stress,20.0
sample1344.npy,0,Healthy,8.0
sample625.npy,3,Severe_Outbreak,92.0
sample165.npy,3,Severe_Outbreak,86.0
sample2002.npy,0,Healthy,7.0
sample534.npy,2,Moderate_Blight,36.0
sample783.npy,0,Healthy,13.0
sample1021.npy,2,Moderate_Blight,57.0
sample1143.npy,2,Moderate_Blight,45.0
sample2621.npy,3,Severe_Outbreak,80.0
sample1777.npy,2,Moderate_Blight,59.0
sample2143.npy,2,Moderate_Blight,39.0
sample129.npy,1,Early_Stress,17.0
sample1813.npy,2,Moderate_Blight,61.0
sample2071.npy,3,Severe_Outbreak,93.0
sample893.npy,3,Severe_Outbreak,82.0
sample38.npy,3,Severe_Outbreak,78.0
sample1400.npy,1,Early_Stress,21.0
sample952.npy,2,Moderate_Blight,37.0
sample2542.npy,2,Moderate_Blight,43.0
sample2118.npy,2,Moderate_Blight,39.0
sample1832.npy,2,Moderate_Blight,44.0
sample157.npy,3,Severe_Outbreak,68.0
sample832.npy,1,Early_Stress,18.0
sample2626.npy,3,Severe_Outbreak,76.0
sample1281.npy,0,Healthy,4.0
sample1317.npy,2,Moderate_Blight,56.0
sample1495.npy,1,Early_Stress,25.0
sample2452.npy,3,Severe_Outbreak,78.0
sample2432.npy,2,Moderate_Blight,43.0
sample2090.npy,0,Healthy,5.0
sample2207.npy,0,Healthy,6.0
sample306.npy,1,Early_Stress,34.0
sample1277.npy,3,Severe_Outbreak,76.0
sample125.npy,3,Severe_Outbreak,91.0
sample1626.npy,3,Severe_Outbreak,85.0
sample1279.npy,2,Moderate_Blight,38.0
sample1569.npy,2,Moderate_Blight,48.0
sample554.npy,1,Early_Stress,23.0
sample1814.npy,3,Severe_Outbreak,88.0
sample43.npy,2,Moderate_Blight,50.0
sample2113.npy,0,Healthy,13.0
sample325.npy,1,Early_Stress,29.0
sample248.npy,2,Moderate_Blight,50.0
sample2364.npy,3,Severe_Outbreak,80.0
sample2397.npy,3,Severe_Outbreak,96.0
sample2708.npy,1,Early_Stress,29.0
sample1271.npy,3,Severe_Outbreak,82.0
sample997.npy,1,Early_Stress,28.0
sample1819.npy,0,Healthy,0.0
sample509.npy,3,Severe_Outbreak,92.0
sample2401.npy,2,Moderate_Blight,62.0
sample484.npy,3,Severe_Outbreak,69.0
sample588.npy,1,Early_Stress,22.0
sample1875.npy,2,Moderate_Blight,45.0
sample1012.npy,2,Moderate_Blight,40.0
sample1788.npy,2,Moderate_Blight,60.0
sample442.npy,1,Early_Stress,32.0
sample1729.npy,3,Severe_Outbreak,71.0
sample549.npy,3,Severe_Outbreak,76.0
sample1464.npy,0,Healthy,10.0
sample519.npy,3,Severe_Outbreak,83.0
sample136.npy,2,Moderate_Blight,40.0
sample2022.npy,3,Severe_Outbreak,85.0
sample1283.npy,1,Early_Stress,35.0
sample473.npy,0,Healthy,4.0
sample397.npy,1,Early_Stress,30.0
sample1983.npy,1,Early_Stress,23.0
sample1987.npy,3,Severe_Outbreak,78.0
sample2005.npy,3,Severe_Outbreak,100.0
sample2062.npy,0,Healthy,12.0
sample1345.npy,2,Moderate_Blight,44.0
sample2173.npy,2,Moderate_Blight,46.0
sample294.npy,0,Healthy,0.0
sample2644.npy,3,Severe_Outbreak,82.0
sample198.npy,0,Healthy,9.0
sample2081.npy,3,Severe_Outbreak,84.0
sample1775.npy,3,Severe_Outbreak,99.0
sample74.npy,1,Early_Stress,21.0
sample1757.npy,0,Healthy,8.0
sample1238.npy,1,Early_Stress,26.0
sample2016.npy,3,Severe_Outbreak,78.0
sample670.npy,3,Severe_Outbreak,100.0
sample1499.npy,3,Severe_Outbreak,99.0
sample1375.npy,3,Severe_Outbreak,74.0
sample1200.npy,1,Early_Stress,33.0
sample1323.npy,2,Moderate_Blight,37.0
sample2293.npy,1,Early_Stress,26.0
sample675.npy,0,Healthy,2.0
sample1008.npy,1,Early_Stress,23.0
sample807.npy,3,Severe_Outbreak,69.0
sample2103.npy,3,Severe_Outbreak,67.0
sample1286.npy,3,Severe_Outbreak,95.0
sample1386.npy,0,Healthy,5.0
sample1.npy,3,Severe_Outbreak,92.0
sample1096.npy,3,Severe_Outbreak,94.0
sample2037.npy,0,Healthy,3.0
sample25.npy,2,Moderate_Blight,46.0
sample110.npy,1,Early_Stress,18.0
sample2715.npy,1,Early_Stress,28.0
sample895.npy,2,Moderate_Blight,60.0
sample2416.npy,2,Moderate_Blight,38.0
sample724.npy,3,Severe_Outbreak,91.0
sample1104.npy,0,Healthy,5.0
sample474.npy,3,Severe_Outbreak,67.0
sample194.npy,2,Moderate_Blight,40.0
sample2675.npy,2,Moderate_Blight,59.0
sample841.npy,1,Early_Stress,34.0
sample960.npy,3,Severe_Outbreak,76.0
sample2191.npy,0,Healthy,6.0
sample2339.npy,1,Early_Stress,17.0
sample1606.npy,3,Severe_Outbreak,92.0
sample2072.npy,1,Early_Stress,16.0
sample1533.npy,1,Early_Stress,20.0
sample1800.npy,2,Moderate_Blight,39.0
sample2423.npy,3,Severe_Outbreak,69.0
sample859.npy,3,Severe_Outbreak,86.0
sample35.npy,2,Moderate_Blight,59.0
sample2652.npy,2,Moderate_Blight,36.0
sample2243.npy,0,Healthy,12.0
sample1721.npy,1,Early_Stress,18.0
sample577.npy,3,Severe_Outbreak,79.0
sample2136.npy,0,Healthy,10.0
sample967.npy,2,Moderate_Blight,42.0
sample727.npy,3,Severe_Outbreak,97.0
sample768.npy,3,Severe_Outbreak,78.0
sample1247.npy,1,Early_Stress,29.0
sample1065.npy,1,Early_Stress,26.0
sample2333.npy,1,Early_Stress,33.0
sample1356.npy,2,Moderate_Blight,52.0
sample1526.npy,3,Severe_Outbreak,72.0
sample572.npy,2,Moderate_Blight,50.0
sample247.npy,3,Severe_Outbreak,89.0
sample1451.npy,0,Healthy,14.0
sample2552.npy,3,Severe_Outbreak,100.0
sample340.npy,2,Moderate_Blight,45.0
sample984.npy,3,Severe_Outbreak,72.0
sample793.npy,0,Healthy,2.0
sample685.npy,2,Moderate_Blight,40.0
sample2295.npy,3,Severe_Outbreak,68.0
sample1186.npy,0,Healthy,3.0
sample1661.npy,2,Moderate_Blight,36.0
sample1475.npy,1,Early_Stress,22.0
sample485.npy,2,Moderate_Blight,47.0
sample2709.npy,2,Moderate_Blight,37.0
sample1340.npy,1,Early_Stress,16.0
sample384.npy,1,Early_Stress,29.0
sample964.npy,3,Severe_Outbreak,71.0
sample2091.npy,3,Severe_Outbreak,78.0
sample1349.npy,0,Healthy,9.0
sample117.npy,3,Severe_Outbreak,72.0
sample1947.npy,0,Healthy,1.0
sample1532.npy,2,Moderate_Blight,63.0
sample1469.npy,1,Early_Stress,27.0
sample2521.npy,2,Moderate_Blight,55.0
sample1388.npy,2,Moderate_Blight,36.0
sample1977.npy,3,Severe_Outbreak,80.0
sample1188.npy,3,Severe_Outbreak,74.0
sample1443.npy,2,Moderate_Blight,46.0
sample930.npy,0,Healthy,9.0
sample1714.npy,3,Severe_Outbreak,74.0
sample2508.npy,2,Moderate_Blight,39.0
sample2309.npy,2,Moderate_Blight,39.0
sample693.npy,3,Severe_Outbreak,69.0
sample1076.npy,2,Moderate_Blight,58.0
sample481.npy,1,Early_Stress,19.0
sample343.npy,3,Severe_Outbreak,71.0
sample1019.npy,2,Moderate_Blight,47.0
sample316.npy,3,Severe_Outbreak,98.0
sample2224.npy,0,Healthy,12.0
sample2447.npy,2,Moderate_Blight,56.0
sample751.npy,3,Severe_Outbreak,98.0
sample1878.npy,3,Severe_Outbreak,83.0
sample1797.npy,2,Moderate_Blight,57.0
sample1990.npy,3,Severe_Outbreak,94.0
sample2576.npy,2,Moderate_Blight,49.0
sample407.npy,3,Severe_Outbreak,100.0
sample179.npy,3,Severe_Outbreak,95.0
sample2187.npy,3,Severe_Outbreak,93.0
sample575.npy,1,Early_Stress,20.0
sample2719.npy,1,Early_Stress,18.0
sample20.npy,2,Moderate_Blight,38.0
sample715.npy,1,Early_Stress,19.0
sample1413.npy,3,Severe_Outbreak,93.0
sample2410.npy,3,Severe_Outbreak,95.0
sample1071.npy,1,Early_Stress,22.0
sample932.npy,1,Early_Stress,21.0
sample1952.npy,3,Severe_Outbreak,94.0
sample1817.npy,3,Severe_Outbreak,78.0
sample2484.npy,2,Moderate_Blight,49.0
sample329.npy,1,Early_Stress,25.0
sample754.npy,1,Early_Stress,19.0
sample1343.npy,0,Healthy,13.0
sample2556.npy,2,Moderate_Blight,59.0
sample2475.npy,1,Early_Stress,30.0
sample1645.npy,3,Severe_Outbreak,77.0
sample2429.npy,3,Severe_Outbreak,77.0
sample1619.npy,3,Severe_Outbreak,97.0
sample72.npy,0,Healthy,12.0
sample1276.npy,1,Early_Stress,31.0
sample118.npy,0,Healthy,0.0
sample339.npy,2,Moderate_Blight,36.0
sample980.npy,1,Early_Stress,24.0
sample2147.npy,3,Severe_Outbreak,88.0
sample1799.npy,1,Early_Stress,21.0
sample2218.npy,2,Moderate_Blight,41.0
sample262.npy,3,Severe_Outbreak,98.0
sample2241.npy,2,Moderate_Blight,52.0
sample2718.npy,1,Early_Stress,18.0
sample1173.npy,3,Severe_Outbreak,66.0
sample463.npy,3,Severe_Outbreak,95.0
sample1436.npy,3,Severe_Outbreak,97.0
sample1825.npy,3,Severe_Outbreak,90.0
sample1250.npy,2,Moderate_Blight,46.0
sample1891.npy,3,Severe_Outbreak,98.0
sample2089.npy,0,Healthy,14.0
sample640.npy,0,Healthy,12.0
sample1515.npy,3,Severe_Outbreak,69.0
sample1896.npy,3,Severe_Outbreak,75.0
sample1528.npy,1,Early_Stress,30.0
sample2340.npy,3,Severe_Outbreak,85.0
sample995.npy,2,Moderate_Blight,52.0
sample616.npy,2,Moderate_Blight,47.0
sample1608.npy,2,Moderate_Blight,58.0
sample225.npy,2,Moderate_Blight,61.0
sample1771.npy,3,Severe_Outbreak,78.0
sample1403.npy,2,Moderate_Blight,60.0
sample2550.npy,3,Severe_Outbreak,92.0
sample2310.npy,3,Severe_Outbreak,99.0
sample396.npy,3,Severe_Outbreak,82.0
sample736.npy,3,Severe_Outbreak,94.0
sample469.npy,0,Healthy,4.0
sample370.npy,1,Early_Stress,34.0
sample1266.npy,1,Early_Stress,21.0
sample1530.npy,1,Early_Stress,24.0
sample788.npy,2,Moderate_Blight,59.0
sample235.npy,2,Moderate_Blight,60.0
sample2068.npy,2,Moderate_Blight,59.0
sample389.npy,2,Moderate_Blight,59.0
sample1384.npy,2,Moderate_Blight,56.0
sample1482.npy,3,Severe_Outbreak,87.0
sample1950.npy,2,Moderate_Blight,49.0
sample2390.npy,2,Moderate_Blight,40.0
sample597.npy,2,Moderate_Blight,53.0
sample2402.npy,1,Early_Stress,35.0
sample111.npy,0,Healthy,14.0
sample541.npy,0,Healthy,2.0
sample2360.npy,1,Early_Stress,21.0
sample2602.npy,0,Healthy,2.0
sample723.npy,2,Moderate_Blight,40.0
sample2514.npy,3,Severe_Outbreak,95.0
sample1501.npy,2,Moderate_Blight,52.0
sample2661.npy,2,Moderate_Blight,50.0
sample955.npy,3,Severe_Outbreak,89.0
sample836.npy,0,Healthy,11.0
sample1514.npy,3,Severe_Outbreak,75.0
sample1318.npy,1,Early_Stress,17.0
sample1083.npy,1,Early_Stress,29.0
sample2653.npy,1,Early_Stress,27.0
sample61.npy,2,Moderate_Blight,54.0
sample2054.npy,3,Severe_Outbreak,85.0
sample302.npy,3,Severe_Outbreak,78.0
sample2227.npy,3,Severe_Outbreak,76.0
sample2463.npy,2,Moderate_Blight,44.0
sample1629.npy,3,Severe_Outbreak,94.0
sample599.npy,0,Healthy,2.0
sample1314.npy,2,Moderate_Blight,53.0
sample2165.npy,2,Moderate_Blight,56.0
sample461.npy,3,Severe_Outbreak,83.0
sample2706.npy,1,Early_Stress,26.0
sample2024.npy,3,Severe_Outbreak,73.0
sample233.npy,3,Severe_Outbreak,94.0
sample2088.npy,0,Healthy,6.0
sample875.npy,3,Severe_Outbreak,77.0
sample922.npy,1,Early_Stress,16.0
sample584.npy,1,Early_Stress,30.0
sample1409.npy,2,Moderate_Blight,47.0
sample1823.npy,3,Severe_Outbreak,71.0
sample2080.npy,1,Early_Stress,34.0
sample2565.npy,3,Severe_Outbreak,98.0
sample1034.npy,0,Healthy,14.0
sample1879.npy,2,Moderate_Blight,53.0
sample818.npy,1,Early_Stress,19.0
sample1887.npy,1,Early_Stress,34.0
sample2466.npy,2,Moderate_Blight,46.0
sample1036.npy,2,Moderate_Blight,62.0
sample232.npy,2,Moderate_Blight,58.0
sample1153.npy,1,Early_Stress,23.0
sample1665.npy,3,Severe_Outbreak,66.0
sample878.npy,3,Severe_Outbreak,79.0
sample391.npy,1,Early_Stress,28.0
sample2633.npy,1,Early_Stress,35.0
sample1572.npy,3,Severe_Outbreak,98.0
sample2433.npy,0,Healthy,10.0
sample1522.npy,3,Severe_Outbreak,66.0
sample2648.npy,3,Severe_Outbreak,97.0
sample2225.npy,2,Moderate_Blight,40.0
sample1804.npy,1,Early_Stress,16.0
sample95.npy,3,Severe_Outbreak,92.0
sample1703.npy,0,Healthy,3.0
sample1144.npy,0,Healthy,6.0
sample34.npy,3,Severe_Outbreak,92.0
sample2603.npy,2,Moderate_Blight,61.0
sample443.npy,3,Severe_Outbreak,88.0
sample1056.npy,3,Severe_Outbreak,92.0
sample1766.npy,2,Moderate_Blight,62.0
sample265.npy,0,Healthy,6.0
sample914.npy,1,Early_Stress,16.0
sample1940.npy,2,Moderate_Blight,45.0
sample631.npy,0,Healthy,12.0
sample300.npy,2,Moderate_Blight,40.0
sample2234.npy,2,Moderate_Blight,37.0
sample1965.npy,1,Early_Stress,25.0
sample1049.npy,3,Severe_Outbreak,89.0
sample2662.npy,3,Severe_Outbreak,100.0
sample1456.npy,3,Severe_Outbreak,100.0
sample1679.npy,2,Moderate_Blight,60.0
sample2479.npy,1,Early_Stress,27.0
sample2526.npy,3,Severe_Outbreak,89.0
sample2491.npy,3,Severe_Outbreak,76.0
sample2134.npy,0,Healthy,1.0
sample999.npy,2,Moderate_Blight,57.0
sample87.npy,3,Severe_Outbreak,71.0
sample1696.npy,0,Healthy,6.0
sample846.npy,3,Severe_Outbreak,84.0
sample2306.npy,1,Early_Stress,33.0
sample745.npy,0,Healthy,11.0
sample1979.npy,2,Moderate_Blight,40.0
sample2279.npy,1,Early_Stress,28.0
sample2686.npy,3,Severe_Outbreak,82.0
sample872.npy,0,Healthy,15.0
sample540.npy,0,Healthy,1.0
sample2251.npy,0,Healthy,2.0
sample547.npy,1,Early_Stress,31.0
sample2048.npy,0,Healthy,4.0
sample1869.npy,2,Moderate_Blight,57.0
sample2239.npy,3,Severe_Outbreak,78.0
sample135.npy,3,Severe_Outbreak,73.0
sample1527.npy,1,Early_Stress,18.0
sample1855.npy,2,Moderate_Blight,37.0
sample1635.npy,3,Severe_Outbreak,77.0
sample138.npy,2,Moderate_Blight,64.0
sample1264.npy,3,Severe_Outbreak,83.0
sample1131.npy,2,Moderate_Blight,63.0
sample2555.npy,1,Early_Stress,17.0
sample2637.npy,2,Moderate_Blight,57.0
sample204.npy,2,Moderate_Blight,61.0
sample1002.npy,1,Early_Stress,34.0
sample151.npy,3,Severe_Outbreak,85.0
sample602.npy,2,Moderate_Blight,57.0
sample1306.npy,2,Moderate_Blight,55.0
sample2622.npy,2,Moderate_Blight,65.0
sample1834.npy,2,Moderate_Blight,41.0
sample123.npy,3,Severe_Outbreak,84.0
sample133.npy,3,Severe_Outbreak,85.0
sample550.npy,3,Severe_Outbreak,77.0
sample1245.npy,3,Severe_Outbreak,94.0
sample1628.npy,3,Severe_Outbreak,80.0
sample613.npy,1,Early_Stress,29.0
sample1220.npy,2,Moderate_Blight,54.0
sample263.npy,1,Early_Stress,22.0
sample142.npy,2,Moderate_Blight,63.0
sample2260.npy,1,Early_Stress,16.0
sample2281.npy,2,Moderate_Blight,56.0
sample2379.npy,1,Early_Stress,31.0
sample2248.npy,0,Healthy,11.0
sample369.npy,2,Moderate_Blight,38.0
sample2629.npy,3,Severe_Outbreak,78.0
sample2394.npy,2,Moderate_Blight,53.0
sample1226.npy,3,Severe_Outbreak,75.0
sample1373.npy,3,Severe_Outbreak,77.0
sample36.npy,3,Severe_Outbreak,90.0
sample2075.npy,1,Early_Stress,21.0
sample319.npy,2,Moderate_Blight,64.0
sample1280.npy,2,Moderate_Blight,63.0
sample1805.npy,2,Moderate_Blight,52.0
sample2019.npy,0,Healthy,13.0
sample926.npy,1,Early_Stress,16.0
sample1014.npy,0,Healthy,13.0
sample991.npy,3,Severe_Outbreak,66.0
sample1650.npy,1,Early_Stress,32.0
sample988.npy,3,Severe_Outbreak,95.0
sample1885.npy,3,Severe_Outbreak,73.0
sample618.npy,3,Severe_Outbreak,77.0
sample527.npy,0,Healthy,8.0
sample1328.npy,3,Severe_Outbreak,67.0
sample2492.npy,1,Early_Stress,17.0
sample1165.npy,1,Early_Stress,18.0
sample1889.npy,2,Moderate_Blight,49.0
sample2488.npy,2,Moderate_Blight,37.0
sample2076.npy,2,Moderate_Blight,42.0
sample2316.npy,0,Healthy,12.0
sample581.npy,0,Healthy,8.0
sample200.npy,2,Moderate_Blight,37.0
sample116.npy,3,Severe_Outbreak,71.0
sample1559.npy,3,Severe_Outbreak,66.0
sample2363.npy,1,Early_Stress,30.0
sample2059.npy,0,Healthy,15.0
sample255.npy,3,Severe_Outbreak,86.0
sample310.npy,2,Moderate_Blight,43.0
sample1554.npy,0,Healthy,9.0
sample797.npy,1,Early_Stress,30.0
sample1897.npy,0,Healthy,14.0
sample1842.npy,1,Early_Stress,27.0
sample1335.npy,3,Severe_Outbreak,89.0
sample2436.npy,3,Severe_Outbreak,87.0
sample516.npy,1,Early_Stress,21.0
sample1535.npy,3,Severe_Outbreak,76.0
sample1655.npy,1,Early_Stress,17.0
sample1745.npy,3,Severe_Outbreak,86.0
sample161.npy,1,Early_Stress,35.0
sample32.npy,3,Severe_Outbreak,98.0
sample1123.npy,3,Severe_Outbreak,82.0
sample1567.npy,3,Severe_Outbreak,81.0
sample1301.npy,1,Early_Stress,28.0
sample2588.npy,0,Healthy,11.0
sample431.npy,1,Early_Stress,16.0
sample19.npy,0,Healthy,4.0
sample815.npy,0,Healthy,9.0
sample812.npy,0,Healthy,2.0
sample1640.npy,1,Early_Stress,18.0
sample1937.npy,3,Severe_Outbreak,83.0
sample2405.npy,1,Early_Stress,33.0
sample2380.npy,2,Moderate_Blight,65.0
sample254.npy,3,Severe_Outbreak,96.0
sample806.npy,1,Early_Stress,20.0
sample60.npy,0,Healthy,3.0
sample2001.npy,1,Early_Stress,25.0
sample141.npy,2,Moderate_Blight,42.0
sample2101.npy,2,Moderate_Blight,44.0
sample2651.npy,3,Severe_Outbreak,95.0
sample974.npy,0,Healthy,10.0
sample462.npy,2,Moderate_Blight,41.0
sample1996.npy,1,Early_Stress,16.0
sample2487.npy,2,Moderate_Blight,45.0
sample1305.npy,2,Moderate_Blight,54.0
sample2557.npy,2,Moderate_Blight,63.0
sample839.npy,0,Healthy,8.0
sample605.npy,2,Moderate_Blight,43.0
sample2368.npy,3,Severe_Outbreak,92.0
sample2253.npy,3,Severe_Outbreak,75.0
sample611.npy,2,Moderate_Blight,41.0
sample1736.npy,3,Severe_Outbreak,74.0
sample1962.npy,2,Moderate_Blight,47.0
sample1248.npy,0,Healthy,2.0
sample372.npy,2,Moderate_Blight,63.0
sample1780.npy,3,Severe_Outbreak,86.0
sample1092.npy,2,Moderate_Blight,53.0
sample46.npy,1,Early_Stress,31.0
sample1098.npy,2,Moderate_Blight,39.0
sample284.npy,0,Healthy,11.0
sample990.npy,1,Early_Stress,33.0
sample2591.npy,3,Severe_Outbreak,83.0
sample2460.npy,2,Moderate_Blight,46.0
sample2311.npy,1,Early_Stress,25.0
sample2467.npy,3,Severe_Outbreak,74.0
sample387.npy,1,Early_Stress,29.0
sample457.npy,1,Early_Stress,25.0
sample2307.npy,0,Healthy,15.0
sample2609.npy,1,Early_Stress,28.0
sample1642.npy,1,Early_Stress,27.0
sample1066.npy,3,Severe_Outbreak,66.0
sample641.npy,0,Healthy,5.0
sample908.npy,3,Severe_Outbreak,99.0
sample1434.npy,1,Early_Stress,34.0
sample690.npy,3,Severe_Outbreak,71.0
sample2523.npy,2,Moderate_Blight,59.0
sample96.npy,3,Severe_Outbreak,88.0
sample2055.npy,1,Early_Stress,30.0
sample573.npy,0,Healthy,2.0
sample2580.npy,3,Severe_Outbreak,76.0
sample330.npy,3,Severe_Outbreak,71.0
sample2547.npy,2,Moderate_Blight,54.0
sample1366.npy,2,Moderate_Blight,52.0
sample1683.npy,2,Moderate_Blight,56.0
sample2461.npy,2,Moderate_Blight,38.0
sample291.npy,3,Severe_Outbreak,93.0
sample498.npy,1,Early_Stress,24.0
sample1089.npy,2,Moderate_Blight,42.0
sample2200.npy,2,Moderate_Blight,52.0
sample49.npy,2,Moderate_Blight,53.0
sample1670.npy,0,Healthy,1.0
sample1727.npy,1,Early_Stress,21.0
sample817.npy,2,Moderate_Blight,51.0
sample2413.npy,3,Severe_Outbreak,91.0
sample592.npy,2,Moderate_Blight,57.0
sample2537.npy,2,Moderate_Blight,55.0
sample2501.npy,1,Early_Stress,33.0
sample1134.npy,2,Moderate_Blight,50.0
sample2574.npy,3,Severe_Outbreak,66.0
sample2540.npy,3,Severe_Outbreak,96.0
sample2419.npy,0,Healthy,6.0
sample2541.npy,2,Moderate_Blight,48.0
sample1624.npy,1,Early_Stress,27.0
sample1738.npy,0,Healthy,14.0
sample2249.npy,2,Moderate_Blight,44.0
sample40.npy,3,Severe_Outbreak,66.0
sample2546.npy,0,Healthy,7.0
sample386.npy,2,Moderate_Blight,42.0
sample1632.npy,1,Early_Stress,26.0
sample721.npy,1,Early_Stress,16.0
sample1830.npy,3,Severe_Outbreak,76.0
sample2283.npy,0,Healthy,12.0
sample1816.npy,2,Moderate_Blight,51.0
sample140.npy,3,Severe_Outbreak,78.0
sample2594.npy,2,Moderate_Blight,57.0
sample428.npy,3,Severe_Outbreak,80.0
sample2317.npy,3,Severe_Outbreak,74.0
sample1151.npy,2,Moderate_Blight,51.0
sample1659.npy,0,Healthy,14.0
sample2696.npy,0,Healthy,5.0
sample2180.npy,1,Early_Stress,22.0
sample1024.npy,3,Severe_Outbreak,72.0
sample2442.npy,0,Healthy,4.0
sample2634.npy,3,Severe_Outbreak,80.0
sample2506.npy,0,Healthy,11.0
sample189.npy,2,Moderate_Blight,45.0
sample205.npy,2,Moderate_Blight,39.0
sample1938.npy,3,Severe_Outbreak,82.0
sample398.npy,2,Moderate_Blight,45.0
sample773.npy,2,Moderate_Blight,50.0
sample480.npy,2,Moderate_Blight,57.0
sample2242.npy,2,Moderate_Blight,46.0
sample1038.npy,3,Severe_Outbreak,90.0
sample717.npy,3,Severe_Outbreak,83.0
sample297.npy,0,Healthy,10.0
sample376.npy,2,Moderate_Blight,61.0
sample2498.npy,2,Moderate_Blight,40.0
sample308.npy,2,Moderate_Blight,60.0
sample154.npy,2,Moderate_Blight,60.0
sample201.npy,2,Moderate_Blight,44.0
sample1026.npy,0,Healthy,13.0
sample1399.npy,1,Early_Stress,30.0
sample2451.npy,2,Moderate_Blight,47.0
sample770.npy,1,Early_Stress,25.0
sample1445.npy,2,Moderate_Blight,38.0
sample2133.npy,1,Early_Stress,22.0
sample2172.npy,2,Moderate_Blight,40.0
sample939.npy,2,Moderate_Blight,57.0
sample2245.npy,1,Early_Stress,22.0
sample2175.npy,1,Early_Stress,32.0
sample1213.npy,3,Severe_Outbreak,93.0
sample1498.npy,2,Moderate_Blight,37.0
sample146.npy,1,Early_Stress,26.0
sample332.npy,3,Severe_Outbreak,75.0
sample210.npy,3,Severe_Outbreak,81.0
sample2025.npy,0,Healthy,5.0
sample164.npy,3,Severe_Outbreak,98.0
sample1663.npy,0,Healthy,12.0
sample719.npy,3,Severe_Outbreak,76.0
sample1053.npy,2,Moderate_Blight,40.0
sample156.npy,3,Severe_Outbreak,92.0
sample2064.npy,2,Moderate_Blight,36.0
sample517.npy,3,Severe_Outbreak,83.0
sample1534.npy,3,Severe_Outbreak,83.0
sample2174.npy,2,Moderate_Blight,37.0
sample224.npy,2,Moderate_Blight,63.0
sample68.npy,0,Healthy,15.0
sample1847.npy,2,Moderate_Blight,49.0
sample833.npy,3,Severe_Outbreak,76.0
sample2125.npy,2,Moderate_Blight,51.0
sample1815.npy,2,Moderate_Blight,44.0
sample2152.npy,0,Healthy,12.0
sample50.npy,3,Severe_Outbreak,74.0
sample948.npy,2,Moderate_Blight,39.0
sample2658.npy,0,Healthy,6.0
sample831.npy,1,Early_Stress,30.0
sample2029.npy,3,Severe_Outbreak,76.0
sample492.npy,3,Severe_Outbreak,99.0
sample1637.npy,0,Healthy,15.0
sample335.npy,3,Severe_Outbreak,96.0
sample1921.npy,1,Early_Stress,16.0
sample1672.npy,3,Severe_Outbreak,71.0
sample470.npy,2,Moderate_Blight,43.0
sample4.npy,3,Severe_Outbreak,70.0
sample1463.npy,2,Moderate_Blight,50.0
sample1074.npy,0,Healthy,12.0
sample726.npy,1,Early_Stress,22.0
sample2179.npy,2,Moderate_Blight,47.0
sample1824.npy,3,Severe_Outbreak,97.0
sample2265.npy,1,Early_Stress,27.0
sample809.npy,3,Severe_Outbreak,72.0
sample199.npy,1,Early_Stress,35.0
sample1136.npy,0,Healthy,9.0
sample1699.npy,0,Healthy,2.0
sample1298.npy,1,Early_Stress,20.0
sample1006.npy,3,Severe_Outbreak,74.0
sample1850.npy,1,Early_Stress,17.0
sample2711.npy,3,Severe_Outbreak,92.0
sample1662.npy,3,Severe_Outbreak,74.0
sample181.npy,3,Severe_Outbreak,75.0
sample1422.npy,2,Moderate_Blight,57.0
sample1164.npy,0,Healthy,7.0
sample1149.npy,3,Severe_Outbreak,83.0
sample716.npy,0,Healthy,4.0
sample1407.npy,0,Healthy,8.0
sample1442.npy,2,Moderate_Blight,37.0
sample804.npy,0,Healthy,14.0
sample202.npy,0,Healthy,4.0
sample2181.npy,3,Severe_Outbreak,86.0
sample368.npy,2,Moderate_Blight,39.0
sample2000.npy,3,Severe_Outbreak,90.0
sample887.npy,2,Moderate_Blight,38.0
sample2299.npy,2,Moderate_Blight,42.0
sample2409.npy,3,Severe_Outbreak,80.0
sample2596.npy,3,Severe_Outbreak,95.0
sample868.npy,0,Healthy,14.0
sample2589.npy,3,Severe_Outbreak,75.0
sample2625.npy,1,Early_Stress,24.0
sample460.npy,3,Severe_Outbreak,86.0
sample39.npy,2,Moderate_Blight,48.0
sample426.npy,0,Healthy,2.0
sample1296.npy,3,Severe_Outbreak,93.0
sample139.npy,2,Moderate_Blight,61.0
sample270.npy,3,Severe_Outbreak,89.0
sample873.npy,1,Early_Stress,19.0
sample1750.npy,1,Early_Stress,22.0
sample486.npy,3,Severe_Outbreak,76.0
sample2628.npy,2,Moderate_Blight,61.0
sample2274.npy,1,Early_Stress,33.0
sample2082.npy,3,Severe_Outbreak,99.0
sample2350.npy,3,Severe_Outbreak,66.0
sample2407.npy,2,Moderate_Blight,37.0
sample1079.npy,2,Moderate_Blight,63.0
sample2264.npy,1,Early_Stress,31.0
sample942.npy,0,Healthy,15.0
sample2334.npy,0,Healthy,14.0
sample1700.npy,3,Severe_Outbreak,96.0
sample619.npy,1,Early_Stress,22.0
sample104.npy,2,Moderate_Blight,40.0
sample475.npy,2,Moderate_Blight,63.0
sample215.npy,1,Early_Stress,22.0
sample355.npy,2,Moderate_Blight,39.0
sample2691.npy,1,Early_Stress,17.0
sample2121.npy,3,Severe_Outbreak,84.0
sample1102.npy,0,Healthy,3.0
sample84.npy,3,Severe_Outbreak,74.0
sample1890.npy,2,Moderate_Blight,58.0
sample1452.npy,0,Healthy,2.0
sample2689.npy,1,Early_Stress,29.0
sample190.npy,2,Moderate_Blight,50.0
sample207.npy,3,Severe_Outbreak,92.0
sample2256.npy,2,Moderate_Blight,56.0
sample1531.npy,0,Healthy,2.0
sample1693.npy,2,Moderate_Blight,42.0
sample1016.npy,2,Moderate_Blight,52.0
sample193.npy,2,Moderate_Blight,54.0
sample2303.npy,0,Healthy,9.0
sample561.npy,1,Early_Stress,23.0
sample1258.npy,2,Moderate_Blight,59.0
sample707.npy,2,Moderate_Blight,46.0
sample1387.npy,0,Healthy,15.0
sample2197.npy,1,Early_Stress,34.0
sample2455.npy,0,Healthy,4.0
sample1603.npy,0,Healthy,4.0
sample1029.npy,3,Severe_Outbreak,70.0
sample2208.npy,1,Early_Stress,35.0
sample1651.npy,3,Severe_Outbreak,75.0
sample1858.npy,3,Severe_Outbreak,72.0
sample966.npy,1,Early_Stress,35.0
sample1194.npy,3,Severe_Outbreak,88.0
sample1892.npy,0,Healthy,11.0
sample2049.npy,0,Healthy,15.0
sample1295.npy,0,Healthy,3.0
sample1505.npy,2,Moderate_Blight,42.0
sample2246.npy,2,Moderate_Blight,36.0
sample197.npy,0,Healthy,8.0
sample44.npy,1,Early_Stress,24.0
sample1308.npy,3,Severe_Outbreak,82.0
sample1133.npy,3,Severe_Outbreak,99.0
sample456.npy,2,Moderate_Blight,46.0
sample518.npy,0,Healthy,11.0
sample1999.npy,3,Severe_Outbreak,81.0
sample1765.npy,1,Early_Stress,29.0
sample1871.npy,2,Moderate_Blight,63.0
sample1967.npy,1,Early_Stress,28.0
sample928.npy,1,Early_Stress,26.0
sample1140.npy,1,Early_Stress,16.0
sample871.npy,2,Moderate_Blight,55.0
sample273.npy,3,Severe_Outbreak,96.0
sample1903.npy,1,Early_Stress,18.0
sample458.npy,3,Severe_Outbreak,78.0
sample606.npy,0,Healthy,13.0
sample115.npy,3,Severe_Outbreak,92.0
sample71.npy,2,Moderate_Blight,62.0
sample2373.npy,2,Moderate_Blight,47.0
sample85.npy,0,Healthy,5.0
sample2084.npy,2,Moderate_Blight,51.0
sample365.npy,2,Moderate_Blight,60.0
sample976.npy,0,Healthy,7.0
sample2493.npy,3,Severe_Outbreak,77.0
sample280.npy,2,Moderate_Blight,63.0
sample433.npy,0,Healthy,11.0
sample178.npy,1,Early_Stress,22.0
sample753.npy,3,Severe_Outbreak,95.0
sample1846.npy,0,Healthy,1.0
sample944.npy,3,Severe_Outbreak,80.0
sample2399.npy,0,Healthy,4.0
sample1312.npy,2,Moderate_Blight,54.0
sample59.npy,1,Early_Stress,21.0
sample978.npy,3,Severe_Outbreak,94.0
sample2522.npy,1,Early_Stress,19.0
sample1348.npy,2,Moderate_Blight,45.0
sample2699.npy,2,Moderate_Blight,63.0
sample749.npy,2,Moderate_Blight,37.0
sample305.npy,2,Moderate_Blight,64.0
sample121.npy,1,Early_Stress,16.0
sample2600.npy,0,Healthy,3.0
sample1844.npy,1,Early_Stress,30.0
sample659.npy,2,Moderate_Blight,53.0
sample1282.npy,0,Healthy,12.0
sample2314.npy,1,Early_Stress,30.0
sample941.npy,2,Moderate_Blight,53.0
sample2635.npy,0,Healthy,6.0
sample21.npy,2,Moderate_Blight,59.0
sample1873.npy,1,Early_Stress,25.0
sample230.npy,3,Severe_Outbreak,68.0
sample1596.npy,2,Moderate_Blight,37.0
sample1843.npy,3,Severe_Outbreak,66.0
sample1334.npy,0,Healthy,11.0
sample1510.npy,2,Moderate_Blight,36.0
sample1923.npy,3,Severe_Outbreak,88.0
sample1743.npy,0,Healthy,6.0
sample1886.npy,2,Moderate_Blight,58.0
sample771.npy,2,Moderate_Blight,46.0
sample2577.npy,2,Moderate_Blight,61.0
sample2482.npy,2,Moderate_Blight,49.0
sample660.npy,0,Healthy,2.0
sample377.npy,1,Early_Stress,33.0
sample2649.npy,3,Severe_Outbreak,70.0
sample1733.npy,0,Healthy,3.0
sample2289.npy,1,Early_Stress,22.0
sample1701.npy,2,Moderate_Blight,43.0
sample218.npy,1,Early_Stress,21.0
sample2631.npy,2,Moderate_Blight,38.0
sample899.npy,2,Moderate_Blight,36.0
sample1949.npy,2,Moderate_Blight,63.0
sample440.npy,1,Early_Stress,19.0
sample1913.npy,3,Severe_Outbreak,100.0
sample2262.npy,3,Severe_Outbreak,69.0
sample380.npy,2,Moderate_Blight,42.0
sample587.npy,2,Moderate_Blight,43.0
sample669.npy,2,Moderate_Blight,56.0
sample1114.npy,1,Early_Stress,21.0
sample17.npy,0,Healthy,2.0
sample556.npy,3,Severe_Outbreak,91.0
sample2213.npy,1,Early_Stress,35.0
sample1908.npy,2,Moderate_Blight,41.0
sample1320.npy,1,Early_Stress,25.0
sample1904.npy,1,Early_Stress,33.0
sample2336.npy,3,Severe_Outbreak,78.0
sample1615.npy,1,Early_Stress,20.0
sample1746.npy,2,Moderate_Blight,61.0
sample269.npy,0,Healthy,8.0
sample2582.npy,3,Severe_Outbreak,92.0
sample259.npy,2,Moderate_Blight,38.0
sample1888.npy,3,Severe_Outbreak,83.0
sample2110.npy,1,Early_Stress,19.0
sample634.npy,0,Healthy,1.0
sample731.npy,3,Severe_Outbreak,77.0
sample1127.npy,0,Healthy,7.0
sample1197.npy,3,Severe_Outbreak,78.0
sample563.npy,2,Moderate_Blight,63.0
sample324.npy,2,Moderate_Blight,45.0
sample729.npy,0,Healthy,5.0
sample371.npy,3,Severe_Outbreak,88.0
sample2559.npy,2,Moderate_Blight,47.0
sample1020.npy,3,Severe_Outbreak,72.0
sample1641.npy,1,Early_Stress,31.0
sample2042.npy,2,Moderate_Blight,48.0
sample2575.npy,2,Moderate_Blight,46.0
sample1786.npy,2,Moderate_Blight,63.0
sample2568.npy,3,Severe_Outbreak,79.0
sample100.npy,2,Moderate_Blight,41.0
sample521.npy,0,Healthy,2.0
sample403.npy,0,Healthy,0.0
sample863.npy,3,Severe_Outbreak,79.0
sample363.npy,3,Severe_Outbreak,100.0
sample2185.npy,0,Healthy,12.0
sample1680.npy,3,Severe_Outbreak,99.0
sample1565.npy,3,Severe_Outbreak,73.0
sample1086.npy,3,Severe_Outbreak,87.0
sample2570.npy,2,Moderate_Blight,51.0
sample1117.npy,0,Healthy,5.0
sample2539.npy,3,Severe_Outbreak,72.0
sample1760.npy,0,Healthy,12.0
sample1292.npy,3,Severe_Outbreak,98.0
sample361.npy,2,Moderate_Blight,55.0
sample2553.npy,3,Severe_Outbreak,72.0
sample2157.npy,0,Healthy,1.0
sample2505.npy,3,Severe_Outbreak,82.0
sample925.npy,3,Severe_Outbreak,75.0
sample1013.npy,3,Severe_Outbreak,81.0
sample847.npy,1,Early_Stress,17.0
sample1854.npy,0,Healthy,5.0
sample1195.npy,2,Moderate_Blight,41.0
sample295.npy,2,Moderate_Blight,44.0
sample504.npy,0,Healthy,5.0
sample2065.npy,2,Moderate_Blight,39.0
sample31.npy,1,Early_Stress,30.0
sample907.npy,2,Moderate_Blight,61.0
sample177.npy,3,Severe_Outbreak,69.0
sample2494.npy,3,Severe_Outbreak,94.0
sample1466.npy,2,Moderate_Blight,50.0
sample2392.npy,2,Moderate_Blight,48.0
sample1539.npy,2,Moderate_Blight,42.0
sample1177.npy,3,Severe_Outbreak,79.0
sample2150.npy,3,Severe_Outbreak,91.0
sample1260.npy,0,Healthy,11.0
sample1857.npy,3,Severe_Outbreak,82.0
sample858.npy,3,Severe_Outbreak,75.0
sample63.npy,0,Healthy,0.0
sample888.npy,0,Healthy,5.0
sample2009.npy,2,Moderate_Blight,49.0
sample404.npy,3,Severe_Outbreak,94.0
sample1496.npy,2,Moderate_Blight,38.0
sample1141.npy,1,Early_Stress,18.0
sample1379.npy,3,Severe_Outbreak,88.0
sample1831.npy,3,Severe_Outbreak,96.0
sample813.npy,1,Early_Stress,16.0
sample1430.npy,3,Severe_Outbreak,73.0
sample275.npy,0,Healthy,11.0
sample2524.npy,0,Healthy,9.0
sample661.npy,1,Early_Stress,19.0
sample317.npy,3,Severe_Outbreak,98.0
sample2372.npy,3,Severe_Outbreak,94.0
sample2325.npy,2,Moderate_Blight,60.0
sample149.npy,0,Healthy,8.0
sample2083.npy,2,Moderate_Blight,57.0
sample1352.npy,3,Severe_Outbreak,85.0
sample1521.npy,2,Moderate_Blight,64.0
sample2503.npy,2,Moderate_Blight,54.0
sample821.npy,3,Severe_Outbreak,87.0
sample311.npy,1,Early_Stress,17.0
sample775.npy,1,Early_Stress,21.0
sample2477.npy,2,Moderate_Blight,54.0
sample173.npy,3,Severe_Outbreak,66.0
sample897.npy,1,Early_Stress,24.0
sample1907.npy,2,Moderate_Blight,37.0
sample2124.npy,1,Early_Stress,17.0
sample304.npy,3,Severe_Outbreak,74.0
sample159.npy,2,Moderate_Blight,63.0
sample725.npy,1,Early_Stress,34.0
sample1129.npy,2,Moderate_Blight,47.0
sample688.npy,1,Early_Stress,24.0
sample1943.npy,2,Moderate_Blight,51.0
sample1380.npy,1,Early_Stress,17.0
sample2496.npy,3,Severe_Outbreak,90.0
sample2544.npy,3,Severe_Outbreak,67.0
sample1720.npy,3,Severe_Outbreak,98.0
sample842.npy,2,Moderate_Blight,65.0
sample1555.npy,2,Moderate_Blight,60.0
sample2188.npy,3,Severe_Outbreak,84.0
sample1267.npy,1,Early_Stress,17.0
sample1362.npy,3,Severe_Outbreak,94.0
sample1080.npy,2,Moderate_Blight,59.0
sample559.npy,3,Severe_Outbreak,73.0
sample2597.npy,0,Healthy,2.0
sample963.npy,2,Moderate_Blight,38.0
sample1119.npy,2,Moderate_Blight,41.0
sample2690.npy,2,Moderate_Blight,46.0
sample267.npy,2,Moderate_Blight,64.0
sample337.npy,3,Severe_Outbreak,86.0
sample2263.npy,2,Moderate_Blight,50.0
sample567.npy,0,Healthy,6.0
sample962.npy,2,Moderate_Blight,55.0
sample2070.npy,3,Severe_Outbreak,92.0
sample1653.npy,0,Healthy,14.0
sample2184.npy,3,Severe_Outbreak,71.0
sample467.npy,3,Severe_Outbreak,98.0
sample1243.npy,3,Severe_Outbreak,96.0
sample420.npy,3,Severe_Outbreak,70.0
sample582.npy,3,Severe_Outbreak,85.0
sample45.npy,3,Severe_Outbreak,97.0
sample2236.npy,3,Severe_Outbreak,94.0
sample679.npy,3,Severe_Outbreak,66.0
sample1827.npy,3,Severe_Outbreak,95.0
sample886.npy,3,Severe_Outbreak,90.0
sample2189.npy,2,Moderate_Blight,62.0
sample651.npy,1,Early_Stress,25.0
sample8.npy,1,Early_Stress,33.0
sample152.npy,1,Early_Stress,23.0
sample970.npy,3,Severe_Outbreak,87.0
sample992.npy,3,Severe_Outbreak,94.0
sample1339.npy,1,Early_Stress,32.0
sample1300.npy,0,Healthy,9.0
sample425.npy,3,Severe_Outbreak,68.0
sample856.npy,0,Healthy,12.0
sample2445.npy,2,Moderate_Blight,64.0
sample2007.npy,3,Severe_Outbreak,83.0
sample2693.npy,3,Severe_Outbreak,76.0
sample229.npy,2,Moderate_Blight,55.0
sample2667.npy,3,Severe_Outbreak,90.0
sample1820.npy,2,Moderate_Blight,54.0
sample16.npy,2,Moderate_Blight,46.0
sample709.npy,3,Severe_Outbreak,69.0
sample1297.npy,0,Healthy,14.0
sample610.npy,0,Healthy,1.0
sample2209.npy,3,Severe_Outbreak,66.0
sample128.npy,1,Early_Stress,25.0
sample2459.npy,3,Severe_Outbreak,96.0
sample24.npy,3,Severe_Outbreak,88.0
sample548.npy,2,Moderate_Blight,53.0
sample1011.npy,1,Early_Stress,26.0
sample1809.npy,2,Moderate_Blight,65.0
sample1155.npy,0,Healthy,0.0
sample2507.npy,3,Severe_Outbreak,78.0
sample1235.npy,3,Severe_Outbreak,75.0
sample468.npy,1,Early_Stress,27.0
sample1621.npy,3,Severe_Outbreak,87.0
sample1812.npy,3,Severe_Outbreak,72.0
sample780.npy,3,Severe_Outbreak,78.0
sample1233.npy,3,Severe_Outbreak,73.0
sample1761.npy,2,Moderate_Blight,46.0
sample80.npy,2,Moderate_Blight,64.0
sample1125.npy,0,Healthy,0.0
sample2647.npy,1,Early_Stress,17.0
sample2417.npy,3,Severe_Outbreak,99.0
sample1289.npy,3,Severe_Outbreak,97.0
sample158.npy,3,Severe_Outbreak,92.0
sample483.npy,3,Severe_Outbreak,86.0
sample1000.npy,3,Severe_Outbreak,88.0
sample1503.npy,0,Healthy,12.0
sample1126.npy,2,Moderate_Blight,42.0
sample1101.npy,3,Severe_Outbreak,75.0
sample147.npy,1,Early_Stress,22.0
sample1202.npy,3,Severe_Outbreak,97.0
sample1652.npy,1,Early_Stress,32.0
sample531.npy,3,Severe_Outbreak,81.0
sample828.npy,3,Severe_Outbreak,74.0
sample64.npy,3,Severe_Outbreak,71.0
sample2291.npy,3,Severe_Outbreak,93.0
sample1294.npy,2,Moderate_Blight,38.0
sample448.npy,1,Early_Stress,19.0
sample2192.npy,2,Moderate_Blight,44.0
sample526.npy,3,Severe_Outbreak,93.0
sample2313.npy,0,Healthy,0.0
sample351.npy,2,Moderate_Blight,51.0
sample759.npy,0,Healthy,11.0
sample1644.npy,1,Early_Stress,20.0
sample1763.npy,3,Severe_Outbreak,81.0
sample1175.npy,1,Early_Stress,25.0
sample2319.npy,2,Moderate_Blight,61.0
sample1517.npy,2,Moderate_Blight,50.0
sample1853.npy,1,Early_Stress,16.0
sample1454.npy,2,Moderate_Blight,44.0
sample2468.npy,3,Severe_Outbreak,79.0
sample436.npy,3,Severe_Outbreak,78.0
sample1106.npy,2,Moderate_Blight,45.0
sample1582.npy,2,Moderate_Blight,61.0
sample2685.npy,2,Moderate_Blight,44.0
sample1003.npy,3,Severe_Outbreak,75.0
sample1068.npy,2,Moderate_Blight,52.0
sample2581.npy,1,Early_Stress,29.0
sample1421.npy,3,Severe_Outbreak,79.0
sample2211.npy,2,Moderate_Blight,46.0
sample1005.npy,3,Severe_Outbreak,73.0
sample2122.npy,3,Severe_Outbreak,69.0
sample1829.npy,0,Healthy,5.0
sample1494.npy,1,Early_Stress,33.0
sample1206.npy,1,Early_Stress,21.0
sample1959.npy,2,Moderate_Blight,56.0
sample148.npy,3,Severe_Outbreak,83.0
sample1219.npy,1,Early_Stress,25.0
sample180.npy,2,Moderate_Blight,59.0
sample408.npy,0,Healthy,1.0
sample2045.npy,3,Severe_Outbreak,94.0
sample1741.npy,3,Severe_Outbreak,82.0
sample585.npy,2,Moderate_Blight,36.0
sample604.npy,2,Moderate_Blight,43.0
sample357.npy,1,Early_Stress,19.0
sample658.npy,3,Severe_Outbreak,84.0
sample438.npy,2,Moderate_Blight,44.0
sample175.npy,3,Severe_Outbreak,97.0
sample2237.npy,2,Moderate_Blight,56.0
sample722.npy,3,Severe_Outbreak,94.0
sample421.npy,2,Moderate_Blight,59.0
sample2375.npy,3,Severe_Outbreak,69.0
sample2446.npy,2,Moderate_Blight,46.0
sample830.npy,1,Early_Stress,21.0
sample124.npy,3,Severe_Outbreak,76.0
sample1597.npy,0,Healthy,14.0
sample446.npy,3,Severe_Outbreak,100.0
sample629.npy,3,Severe_Outbreak,81.0
sample864.npy,1,Early_Stress,23.0
sample258.npy,3,Severe_Outbreak,66.0
sample466.npy,3,Severe_Outbreak,74.0
sample1284.npy,0,Healthy,5.0
sample2320.npy,1,Early_Stress,23.0
sample2587.npy,3,Severe_Outbreak,99.0
sample220.npy,0,Healthy,14.0
sample2176.npy,0,Healthy,11.0
sample1623.npy,0,Healthy,9.0
sample2389.npy,0,Healthy,9.0
sample1552.npy,0,Healthy,7.0
sample1383.npy,0,Healthy,0.0
sample2420.npy,1,Early_Stress,33.0
sample1536.npy,3,Severe_Outbreak,92.0
sample979.npy,2,Moderate_Blight,62.0
sample2254.npy,3,Severe_Outbreak,90.0
sample747.npy,3,Severe_Outbreak,80.0
sample1561.npy,3,Severe_Outbreak,89.0
sample1030.npy,2,Moderate_Blight,46.0
sample2345.npy,2,Moderate_Blight,59.0
sample296.npy,2,Moderate_Blight,56.0
sample1205.npy,0,Healthy,13.0
sample10.npy,0,Healthy,1.0
sample2053.npy,3,Severe_Outbreak,91.0
sample1099.npy,1,Early_Stress,17.0
sample373.npy,3,Severe_Outbreak,99.0
sample1060.npy,2,Moderate_Blight,59.0
sample2277.npy,1,Early_Stress,16.0
sample764.npy,2,Moderate_Blight,44.0
sample1022.npy,1,Early_Stress,29.0
sample2112.npy,2,Moderate_Blight,44.0
sample583.npy,1,Early_Stress,31.0
sample1130.npy,2,Moderate_Blight,47.0
sample1484.npy,1,Early_Stress,30.0
sample1731.npy,3,Severe_Outbreak,74.0
sample1113.npy,1,Early_Stress,27.0
sample2349.npy,3,Severe_Outbreak,90.0
sample1078.npy,3,Severe_Outbreak,79.0
sample212.npy,3,Severe_Outbreak,78.0
sample785.npy,2,Moderate_Blight,43.0
sample560.npy,3,Severe_Outbreak,89.0
sample507.npy,3,Severe_Outbreak,68.0
sample816.npy,3,Severe_Outbreak,88.0
sample1437.npy,2,Moderate_Blight,40.0
sample2490.npy,1,Early_Stress,28.0
sample737.npy,2,Moderate_Blight,57.0
sample892.npy,2,Moderate_Blight,42.0
sample3.npy,3,Severe_Outbreak,79.0
sample1666.npy,3,Severe_Outbreak,73.0
sample1726.npy,1,Early_Stress,23.0
sample700.npy,0,Healthy,11.0
sample965.npy,3,Severe_Outbreak,99.0
sample512.npy,1,Early_Stress,27.0
sample2599.npy,0,Healthy,15.0
sample1327.npy,1,Early_Stress,18.0
sample1676.npy,2,Moderate_Blight,61.0
sample1828.npy,1,Early_Stress,26.0
sample2483.npy,3,Severe_Outbreak,87.0
sample1925.npy,1,Early_Stress,30.0
sample1929.npy,2,Moderate_Blight,55.0
sample1796.npy,3,Severe_Outbreak,75.0
sample2202.npy,0,Healthy,7.0
sample574.npy,3,Severe_Outbreak,80.0
sample33.npy,2,Moderate_Blight,57.0
sample15.npy,0,Healthy,6.0
sample1329.npy,3,Severe_Outbreak,66.0
sample70.npy,3,Severe_Outbreak,97.0
sample2116.npy,1,Early_Stress,17.0
sample1070.npy,2,Moderate_Blight,64.0
sample1025.npy,0,Healthy,12.0
sample1427.npy,2,Moderate_Blight,50.0
sample1474.npy,1,Early_Stress,23.0
sample1654.npy,2,Moderate_Blight,49.0
sample1050.npy,3,Severe_Outbreak,98.0
sample1576.npy,2,Moderate_Blight,56.0
sample1273.npy,1,Early_Stress,25.0
sample1648.npy,2,Moderate_Blight,54.0
sample683.npy,3,Severe_Outbreak,92.0
sample214.npy,2,Moderate_Blight,51.0
sample795.npy,3,Severe_Outbreak,94.0
sample1563.npy,3,Severe_Outbreak,79.0
sample1007.npy,1,Early_Stress,20.0
sample2153.npy,2,Moderate_Blight,39.0
sample1724.npy,1,Early_Stress,32.0
sample1946.npy,1,Early_Stress,28.0
sample1303.npy,2,Moderate_Blight,54.0
sample2438.npy,3,Severe_Outbreak,91.0
sample1043.npy,0,Healthy,8.0
sample664.npy,3,Severe_Outbreak,92.0
sample1097.npy,2,Moderate_Blight,44.0
sample1315.npy,1,Early_Stress,19.0
sample1973.npy,3,Severe_Outbreak,71.0
sample1215.npy,1,Early_Stress,29.0
sample1193.npy,2,Moderate_Blight,39.0
sample2030.npy,3,Severe_Outbreak,100.0
sample672.npy,1,Early_Stress,22.0
sample412.npy,3,Severe_Outbreak,90.0
sample1715.npy,2,Moderate_Blight,51.0
sample1989.npy,1,Early_Stress,18.0
sample479.npy,3,Severe_Outbreak,77.0
sample2654.npy,3,Severe_Outbreak,100.0
sample257.npy,0,Healthy,12.0
sample1993.npy,3,Severe_Outbreak,81.0
sample321.npy,3,Severe_Outbreak,75.0
sample1492.npy,2,Moderate_Blight,48.0
sample733.npy,1,Early_Stress,35.0
sample1311.npy,3,Severe_Outbreak,87.0
sample1472.npy,2,Moderate_Blight,53.0
sample120.npy,2,Moderate_Blight,57.0
sample1581.npy,2,Moderate_Blight,39.0
sample2384.npy,2,Moderate_Blight,47.0
sample681.npy,1,Early_Stress,24.0
sample2287.npy,2,Moderate_Blight,64.0
sample1481.npy,0,Healthy,14.0
sample505.npy,1,Early_Stress,25.0
sample803.npy,3,Severe_Outbreak,67.0
sample1544.npy,3,Severe_Outbreak,94.0
sample2341.npy,3,Severe_Outbreak,66.0
sample465.npy,3,Severe_Outbreak,76.0
sample2632.npy,0,Healthy,13.0
sample2285.npy,0,Healthy,12.0
sample1969.npy,3,Severe_Outbreak,71.0
sample557.npy,3,Severe_Outbreak,70.0
sample1055.npy,3,Severe_Outbreak,73.0
sample800.npy,2,Moderate_Blight,60.0
sample1605.npy,3,Severe_Outbreak,96.0
sample1084.npy,2,Moderate_Blight,45.0
sample1600.npy,3,Severe_Outbreak,66.0
sample975.npy,1,Early_Stress,21.0
sample26.npy,3,Severe_Outbreak,94.0
sample757.npy,1,Early_Stress,26.0
sample1253.npy,1,Early_Stress,35.0
sample2549.npy,1,Early_Stress,29.0
sample1324.npy,3,Severe_Outbreak,91.0
sample1810.npy,2,Moderate_Blight,47.0
sample292.npy,3,Severe_Outbreak,93.0
sample345.npy,0,Healthy,12.0
sample1686.npy,0,Healthy,12.0
sample695.npy,2,Moderate_Blight,65.0
sample1039.npy,3,Severe_Outbreak,74.0
sample1185.npy,3,Severe_Outbreak,99.0
sample2327.npy,1,Early_Stress,29.0
sample1062.npy,2,Moderate_Blight,54.0
sample268.npy,2,Moderate_Blight,52.0
sample490.npy,0,Healthy,8.0
sample1124.npy,3,Severe_Outbreak,95.0
sample1718.npy,2,Moderate_Blight,47.0
sample1684.npy,1,Early_Stress,20.0
sample1489.npy,2,Moderate_Blight,51.0
sample1919.npy,1,Early_Stress,30.0
sample416.npy,1,Early_Stress,28.0
sample114.npy,1,Early_Stress,29.0
sample1224.npy,2,Moderate_Blight,45.0
sample219.npy,3,Severe_Outbreak,82.0
sample366.npy,2,Moderate_Blight,64.0
sample1402.npy,3,Severe_Outbreak,95.0
sample2223.npy,3,Severe_Outbreak,91.0
sample2198.npy,3,Severe_Outbreak,79.0
sample929.npy,3,Severe_Outbreak,86.0
sample1392.npy,3,Severe_Outbreak,91.0
sample1520.npy,2,Moderate_Blight,41.0
sample500.npy,2,Moderate_Blight,43.0
sample794.npy,3,Severe_Outbreak,75.0
sample2665.npy,3,Severe_Outbreak,69.0
sample1688.npy,2,Moderate_Blight,56.0
sample1350.npy,0,Healthy,8.0
sample1212.npy,2,Moderate_Blight,42.0
sample680.npy,1,Early_Stress,32.0
sample336.npy,2,Moderate_Blight,45.0
sample1241.npy,0,Healthy,14.0
sample1695.npy,3,Severe_Outbreak,79.0
sample1395.npy,0,Healthy,11.0
sample1607.npy,0,Healthy,14.0
sample1225.npy,2,Moderate_Blight,39.0
sample2418.npy,0,Healthy,8.0
sample423.npy,1,Early_Stress,24.0
sample691.npy,1,Early_Stress,25.0
sample648.npy,2,Moderate_Blight,54.0
sample792.npy,0,Healthy,13.0
sample1404.npy,0,Healthy,13.0
sample2323.npy,1,Early_Stress,23.0
sample1646.npy,2,Moderate_Blight,63.0
sample506.npy,1,Early_Stress,19.0
sample689.npy,3,Severe_Outbreak,66.0
sample394.npy,3,Severe_Outbreak,76.0
sample2712.npy,2,Moderate_Blight,39.0
sample2052.npy,1,Early_Stress,32.0
sample1075.npy,1,Early_Stress,16.0
sample7.npy,3,Severe_Outbreak,81.0
sample2315.npy,3,Severe_Outbreak,100.0
sample2705.npy,3,Severe_Outbreak,83.0
sample2502.npy,3,Severe_Outbreak,92.0
sample350.npy,2,Moderate_Blight,51.0
sample1429.npy,0,Healthy,2.0
sample1467.npy,3,Severe_Outbreak,88.0
sample1365.npy,2,Moderate_Blight,49.0
sample1347.npy,2,Moderate_Blight,40.0
sample536.npy,0,Healthy,11.0
sample2471.npy,3,Severe_Outbreak,66.0
sample890.npy,3,Severe_Outbreak,70.0
sample1620.npy,2,Moderate_Blight,43.0
sample2117.npy,2,Moderate_Blight,58.0
sample1057.npy,3,Severe_Outbreak,84.0
sample1769.npy,3,Severe_Outbreak,73.0
sample801.npy,3,Severe_Outbreak,68.0
sample2137.npy,2,Moderate_Blight,61.0
sample1201.npy,3,Severe_Outbreak,67.0
sample1337.npy,3,Severe_Outbreak,93.0
sample2643.npy,2,Moderate_Blight,38.0
sample622.npy,2,Moderate_Blight,39.0
sample898.npy,3,Severe_Outbreak,100.0
sample674.npy,2,Moderate_Blight,50.0
sample744.npy,2,Moderate_Blight,37.0
sample1009.npy,1,Early_Stress,17.0
sample2.npy,1,Early_Stress,31.0
sample2656.npy,1,Early_Stress,19.0
sample1639.npy,0,Healthy,6.0
sample1230.npy,1,Early_Stress,30.0
sample2457.npy,1,Early_Stress,16.0
sample1351.npy,3,Severe_Outbreak,81.0
sample2424.npy,1,Early_Stress,31.0
sample1833.npy,0,Healthy,2.0
sample383.npy,3,Severe_Outbreak,85.0
sample510.npy,2,Moderate_Blight,37.0
sample2102.npy,0,Healthy,8.0
sample301.npy,1,Early_Stress,30.0
sample1667.npy,3,Severe_Outbreak,68.0
sample1037.npy,1,Early_Stress,20.0
sample1783.npy,2,Moderate_Blight,60.0
sample1487.npy,3,Severe_Outbreak,86.0
sample601.npy,0,Healthy,11.0
sample2235.npy,0,Healthy,5.0
sample2031.npy,3,Severe_Outbreak,71.0
sample192.npy,1,Early_Stress,18.0
sample1336.npy,1,Early_Stress,25.0
sample1601.npy,3,Severe_Outbreak,99.0
sample1322.npy,0,Healthy,10.0
sample1872.npy,2,Moderate_Blight,62.0
sample2219.npy,1,Early_Stress,27.0
sample1933.npy,2,Moderate_Blight,42.0
sample1424.npy,3,Severe_Outbreak,81.0
sample2258.npy,2,Moderate_Blight,59.0
sample694.npy,3,Severe_Outbreak,100.0
sample2396.npy,1,Early_Stress,22.0
sample2131.npy,3,Severe_Outbreak,74.0
sample435.npy,3,Severe_Outbreak,68.0
sample2400.npy,0,Healthy,0.0
sample667.npy,3,Severe_Outbreak,100.0
sample2126.npy,0,Healthy,15.0
sample2530.npy,2,Moderate_Blight,46.0
sample2128.npy,1,Early_Stress,22.0
sample827.npy,3,Severe_Outbreak,88.0
sample1072.npy,1,Early_Stress,32.0
sample2056.npy,3,Severe_Outbreak,69.0
sample1734.npy,1,Early_Stress,16.0
sample2669.npy,0,Healthy,7.0
sample69.npy,0,Healthy,5.0
sample445.npy,1,Early_Stress,21.0
sample1120.npy,1,Early_Stress,18.0
sample2027.npy,0,Healthy,9.0
sample1841.npy,3,Severe_Outbreak,92.0
sample1837.npy,3,Severe_Outbreak,66.0
sample1742.npy,3,Severe_Outbreak,88.0
sample237.npy,3,Severe_Outbreak,100.0
sample2094.npy,1,Early_Stress,20.0
sample1455.npy,1,Early_Stress,30.0
sample972.npy,3,Severe_Outbreak,83.0
sample347.npy,0,Healthy,8.0
sample312.npy,2,Moderate_Blight,40.0
sample2247.npy,3,Severe_Outbreak,68.0
sample1806.npy,3,Severe_Outbreak,99.0
sample1747.npy,3,Severe_Outbreak,73.0
sample937.npy,3,Severe_Outbreak,77.0
sample2516.npy,2,Moderate_Blight,55.0
sample913.npy,3,Severe_Outbreak,85.0
sample639.npy,3,Severe_Outbreak,97.0
sample603.npy,1,Early_Stress,23.0
sample1589.npy,2,Moderate_Blight,58.0
sample1156.npy,3,Severe_Outbreak,67.0
sample1035.npy,2,Moderate_Blight,46.0
sample891.npy,1,Early_Stress,24.0
sample1643.npy,3,Severe_Outbreak,94.0
sample1082.npy,3,Severe_Outbreak,96.0
sample2086.npy,3,Severe_Outbreak,75.0
sample663.npy,1,Early_Stress,30.0
sample2646.npy,1,Early_Stress,33.0
sample2040.npy,2,Moderate_Blight,42.0
sample2193.npy,2,Moderate_Blight,55.0
sample1196.npy,3,Severe_Outbreak,85.0
sample1460.npy,1,Early_Stress,18.0
sample2513.npy,3,Severe_Outbreak,98.0
sample1450.npy,3,Severe_Outbreak,80.0
sample576.npy,1,Early_Stress,23.0
sample2672.npy,1,Early_Stress,23.0
sample2250.npy,2,Moderate_Blight,46.0
sample2369.npy,1,Early_Stress,24.0
sample776.npy,3,Severe_Outbreak,76.0
sample419.npy,2,Moderate_Blight,62.0
sample2388.npy,3,Severe_Outbreak,81.0
sample2097.npy,1,Early_Stress,24.0
sample2276.npy,3,Severe_Outbreak,97.0
sample546.npy,2,Moderate_Blight,53.0
sample608.npy,1,Early_Stress,29.0
sample250.npy,3,Severe_Outbreak,87.0
sample2079.npy,3,Severe_Outbreak,72.0
sample238.npy,3,Severe_Outbreak,91.0
sample185.npy,3,Severe_Outbreak,100.0
sample1677.npy,3,Severe_Outbreak,79.0
sample1211.npy,0,Healthy,9.0
sample1660.npy,1,Early_Stress,25.0
sample994.npy,0,Healthy,14.0
sample2041.npy,2,Moderate_Blight,41.0
sample652.npy,1,Early_Stress,35.0
sample208.npy,3,Severe_Outbreak,100.0
sample1960.npy,2,Moderate_Blight,56.0
sample491.npy,1,Early_Stress,29.0
sample1958.npy,3,Severe_Outbreak,83.0
sample2051.npy,3,Severe_Outbreak,95.0
sample2344.npy,0,Healthy,13.0
sample571.npy,3,Severe_Outbreak,79.0
sample1798.npy,3,Severe_Outbreak,83.0
sample112.npy,3,Severe_Outbreak,72.0
sample956.npy,3,Severe_Outbreak,96.0
sample1767.npy,2,Moderate_Blight,58.0
sample1647.npy,1,Early_Stress,17.0
sample877.npy,2,Moderate_Blight,62.0
sample1239.npy,2,Moderate_Blight,49.0
sample1069.npy,0,Healthy,0.0
sample1357.npy,3,Severe_Outbreak,88.0
sample62.npy,3,Severe_Outbreak,87.0
sample552.npy,2,Moderate_Blight,63.0
sample843.npy,0,Healthy,7.0
sample1358.npy,3,Severe_Outbreak,81.0
sample222.npy,2,Moderate_Blight,38.0
sample593.npy,3,Severe_Outbreak,81.0
sample2714.npy,0,Healthy,4.0
sample1537.npy,3,Severe_Outbreak,83.0
sample449.npy,0,Healthy,12.0
sample2168.npy,3,Severe_Outbreak,93.0
sample2640.npy,3,Severe_Outbreak,82.0
sample1787.npy,2,Moderate_Blight,54.0
sample2395.npy,3,Severe_Outbreak,96.0
sample1033.npy,2,Moderate_Blight,60.0
sample614.npy,2,Moderate_Blight,48.0
sample47.npy,3,Severe_Outbreak,86.0
sample637.npy,1,Early_Stress,26.0
sample1881.npy,2,Moderate_Blight,63.0
sample2415.npy,3,Severe_Outbreak,73.0
sample2010.npy,3,Severe_Outbreak,99.0
sample566.npy,3,Severe_Outbreak,72.0
sample2704.npy,2,Moderate_Blight,46.0
sample1609.npy,2,Moderate_Blight,44.0
sample1657.npy,1,Early_Stress,21.0
sample1372.npy,0,Healthy,15.0
sample2366.npy,3,Severe_Outbreak,95.0
sample2486.npy,3,Severe_Outbreak,85.0
sample1744.npy,3,Severe_Outbreak,100.0
sample1556.npy,1,Early_Stress,22.0
sample1103.npy,1,Early_Stress,17.0
sample1377.npy,3,Severe_Outbreak,68.0
sample2464.npy,1,Early_Stress,27.0
sample953.npy,2,Moderate_Blight,65.0
sample1081.npy,2,Moderate_Blight,54.0
sample424.npy,2,Moderate_Blight,51.0
sample167.npy,3,Severe_Outbreak,92.0
sample2469.npy,0,Healthy,3.0
sample1010.npy,3,Severe_Outbreak,78.0
sample1257.npy,0,Healthy,15.0
sample1961.npy,0,Healthy,5.0
sample2073.npy,0,Healthy,15.0
sample2298.npy,0,Healthy,12.0
sample845.npy,2,Moderate_Blight,56.0
sample844.npy,0,Healthy,3.0
sample767.npy,3,Severe_Outbreak,77.0
sample2412.npy,1,Early_Stress,22.0
sample656.npy,3,Severe_Outbreak,70.0
sample251.npy,0,Healthy,3.0
sample1768.npy,2,Moderate_Blight,43.0
sample537.npy,2,Moderate_Blight,57.0
sample1807.npy,2,Moderate_Blight,41.0
sample1448.npy,3,Severe_Outbreak,78.0
sample2605.npy,1,Early_Stress,19.0
sample1302.npy,3,Severe_Outbreak,87.0
sample1465.npy,2,Moderate_Blight,61.0
sample2214.npy,1,Early_Stress,26.0
sample1915.npy,3,Severe_Outbreak,77.0
sample954.npy,1,Early_Stress,23.0
sample2604.npy,0,Healthy,8.0
sample2608.npy,2,Moderate_Blight,43.0
sample413.npy,2,Moderate_Blight,36.0
sample1321.npy,3,Severe_Outbreak,97.0
sample885.npy,2,Moderate_Blight,47.0
sample2182.npy,3,Severe_Outbreak,100.0
sample2473.npy,3,Severe_Outbreak,79.0
sample1497.npy,2,Moderate_Blight,36.0
sample58.npy,2,Moderate_Blight,48.0
sample2105.npy,3,Severe_Outbreak,69.0
sample986.npy,2,Moderate_Blight,63.0
sample1863.npy,3,Severe_Outbreak,66.0
sample2598.npy,2,Moderate_Blight,55.0
sample478.npy,0,Healthy,6.0
sample1909.npy,0,Healthy,2.0
sample1985.npy,2,Moderate_Blight,65.0
sample735.npy,3,Severe_Outbreak,93.0
sample1899.npy,3,Severe_Outbreak,68.0
sample2512.npy,3,Severe_Outbreak,92.0
sample1139.npy,3,Severe_Outbreak,82.0
sample829.npy,2,Moderate_Blight,65.0
sample1523.npy,2,Moderate_Blight,43.0
sample2324.npy,3,Severe_Outbreak,91.0
sample1634.npy,3,Severe_Outbreak,93.0
sample2092.npy,1,Early_Stress,20.0
sample1808.npy,3,Severe_Outbreak,88.0
sample143.npy,2,Moderate_Blight,53.0
sample1504.npy,0,Healthy,1.0
sample2028.npy,0,Healthy,11.0
sample2008.npy,2,Moderate_Blight,39.0
sample1462.npy,2,Moderate_Blight,59.0
sample1571.npy,2,Moderate_Blight,57.0
sample662.npy,3,Severe_Outbreak,82.0
sample249.npy,1,Early_Stress,16.0
sample1912.npy,3,Severe_Outbreak,75.0
sample289.npy,2,Moderate_Blight,42.0
sample2036.npy,3,Severe_Outbreak,90.0
sample849.npy,1,Early_Stress,18.0
sample1105.npy,2,Moderate_Blight,41.0
sample1668.npy,3,Severe_Outbreak,70.0
sample811.npy,3,Severe_Outbreak,80.0
sample327.npy,2,Moderate_Blight,55.0
sample1975.npy,0,Healthy,3.0
sample2630.npy,2,Moderate_Blight,36.0
sample1749.npy,2,Moderate_Blight,40.0
sample1108.npy,3,Severe_Outbreak,98.0
sample1592.npy,2,Moderate_Blight,49.0
sample786.npy,2,Moderate_Blight,49.0
sample750.npy,3,Severe_Outbreak,97.0
sample947.npy,3,Severe_Outbreak,97.0
sample1573.npy,1,Early_Stress,21.0
sample1333.npy,2,Moderate_Blight,43.0
sample1242.npy,2,Moderate_Blight,38.0
sample1042.npy,1,Early_Stress,18.0
sample1894.npy,3,Severe_Outbreak,80.0
sample1790.npy,3,Severe_Outbreak,67.0
sample1698.npy,3,Severe_Outbreak,92.0
sample2099.npy,3,Severe_Outbreak,83.0
sample2014.npy,2,Moderate_Blight,47.0
sample1004.npy,1,Early_Stress,16.0
sample2437.npy,2,Moderate_Blight,54.0
sample630.npy,2,Moderate_Blight,43.0
sample1971.npy,2,Moderate_Blight,56.0
sample1755.npy,1,Early_Stress,30.0
sample1614.npy,3,Severe_Outbreak,84.0
sample2545.npy,1,Early_Stress,19.0
sample668.npy,0,Healthy,14.0
sample676.npy,3,Severe_Outbreak,87.0
sample528.npy,3,Severe_Outbreak,100.0
sample2034.npy,2,Moderate_Blight,36.0
sample1518.npy,1,Early_Stress,26.0
sample1046.npy,1,Early_Stress,20.0
sample176.npy,2,Moderate_Blight,61.0
sample334.npy,0,Healthy,5.0
sample2642.npy,0,Healthy,3.0
sample1751.npy,1,Early_Stress,23.0
sample2004.npy,3,Severe_Outbreak,75.0
sample2050.npy,2,Moderate_Blight,61.0
sample2717.npy,1,Early_Stress,33.0
sample1876.npy,3,Severe_Outbreak,95.0
sample1360.npy,1,Early_Stress,18.0
sample682.npy,0,Healthy,0.0
sample1018.npy,0,Healthy,6.0
sample1617.npy,2,Moderate_Blight,44.0
sample1032.npy,1,Early_Stress,33.0
sample869.npy,3,Severe_Outbreak,99.0
sample1473.npy,0,Healthy,7.0
sample182.npy,1,Early_Stress,25.0
sample2659.npy,1,Early_Stress,21.0
sample2702.npy,2,Moderate_Blight,41.0
sample1485.npy,3,Severe_Outbreak,71.0
sample2536.npy,0,Healthy,13.0
sample946.npy,2,Moderate_Blight,36.0
sample1221.npy,2,Moderate_Blight,56.0
sample1707.npy,2,Moderate_Blight,36.0
sample226.npy,3,Severe_Outbreak,77.0
sample113.npy,3,Severe_Outbreak,100.0
sample2519.npy,3,Severe_Outbreak,73.0
sample1564.npy,1,Early_Stress,17.0
sample900.npy,1,Early_Stress,33.0
sample2212.npy,3,Severe_Outbreak,79.0
sample1513.npy,2,Moderate_Blight,56.0
sample2584.npy,1,Early_Stress,23.0
sample2636.npy,1,Early_Stress,21.0
sample409.npy,2,Moderate_Blight,45.0
sample1115.npy,1,Early_Stress,21.0
sample982.npy,3,Severe_Outbreak,72.0
sample356.npy,1,Early_Stress,16.0
sample1884.npy,2,Moderate_Blight,54.0
sample97.npy,1,Early_Stress,26.0
sample1172.npy,1,Early_Stress,21.0
sample2026.npy,1,Early_Stress,17.0
sample1895.npy,3,Severe_Outbreak,88.0
sample1630.npy,0,Healthy,15.0
sample1547.npy,2,Moderate_Blight,63.0
sample1163.npy,0,Healthy,4.0
sample1272.npy,1,Early_Stress,33.0
sample822.npy,2,Moderate_Blight,39.0
sample1956.npy,1,Early_Stress,29.0
sample861.npy,3,Severe_Outbreak,86.0
sample959.npy,1,Early_Stress,19.0
sample1964.npy,3,Severe_Outbreak,67.0
sample535.npy,3,Severe_Outbreak,81.0
sample211.npy,1,Early_Stress,33.0
sample1015.npy,2,Moderate_Blight,53.0
sample985.npy,1,Early_Stress,34.0
sample1493.npy,3,Severe_Outbreak,84.0
sample1594.npy,2,Moderate_Blight,36.0
sample761.npy,3,Severe_Outbreak,79.0
sample789.npy,0,Healthy,14.0
sample2355.npy,3,Severe_Outbreak,74.0
sample1865.npy,3,Severe_Outbreak,87.0
sample649.npy,0,Healthy,15.0
sample1719.npy,2,Moderate_Blight,46.0
sample1203.npy,0,Healthy,13.0
sample417.npy,3,Severe_Outbreak,84.0
sample2620.npy,2,Moderate_Blight,50.0
sample971.npy,0,Healthy,14.0
sample5.npy,0,Healthy,13.0
sample427.npy,2,Moderate_Blight,51.0
sample2525.npy,0,Healthy,8.0
sample1942.npy,2,Moderate_Blight,42.0
sample1423.npy,3,Severe_Outbreak,81.0
sample1860.npy,1,Early_Stress,21.0
sample981.npy,3,Severe_Outbreak,81.0
sample1577.npy,1,Early_Stress,31.0
sample825.npy,0,Healthy,10.0
sample2098.npy,2,Moderate_Blight,57.0
sample2043.npy,0,Healthy,7.0
sample2275.npy,1,Early_Stress,22.0
sample76.npy,2,Moderate_Blight,40.0
sample2376.npy,3,Severe_Outbreak,66.0
sample938.npy,2,Moderate_Blight,37.0
sample2171.npy,3,Severe_Outbreak,80.0
sample896.npy,3,Severe_Outbreak,80.0
sample2444.npy,2,Moderate_Blight,65.0
sample1145.npy,2,Moderate_Blight,57.0
sample2535.npy,3,Severe_Outbreak,72.0
sample1862.npy,2,Moderate_Blight,42.0
sample933.npy,0,Healthy,5.0
sample1791.npy,2,Moderate_Blight,44.0
sample278.npy,1,Early_Stress,18.0
sample2698.npy,3,Severe_Outbreak,94.0
sample530.npy,2,Moderate_Blight,52.0
sample108.npy,2,Moderate_Blight,62.0
sample867.npy,2,Moderate_Blight,54.0
sample1229.npy,1,Early_Stress,24.0
sample1094.npy,2,Moderate_Blight,55.0
sample2301.npy,0,Healthy,1.0
sample22.npy,1,Early_Stress,20.0
sample2485.npy,2,Moderate_Blight,50.0
sample1529.npy,3,Severe_Outbreak,90.0
sample1566.npy,0,Healthy,1.0
sample2528.npy,2,Moderate_Blight,45.0
sample441.npy,2,Moderate_Blight,64.0
sample52.npy,1,Early_Stress,33.0
sample1364.npy,3,Severe_Outbreak,91.0
sample203.npy,3,Severe_Outbreak,96.0
sample580.npy,3,Severe_Outbreak,87.0
sample2515.npy,1,Early_Stress,19.0
sample400.npy,1,Early_Stress,27.0
sample879.npy,3,Severe_Outbreak,99.0
sample1408.npy,2,Moderate_Blight,40.0
sample621.npy,3,Severe_Outbreak,99.0
sample2196.npy,1,Early_Stress,20.0
sample395.npy,3,Severe_Outbreak,88.0
sample1794.npy,3,Severe_Outbreak,100.0
sample935.npy,2,Moderate_Blight,39.0
sample1562.npy,2,Moderate_Blight,36.0
sample704.npy,2,Moderate_Blight,65.0
sample81.npy,2,Moderate_Blight,51.0
sample260.npy,2,Moderate_Blight,39.0
sample1237.npy,2,Moderate_Blight,57.0
sample2472.npy,3,Severe_Outbreak,96.0
sample2296.npy,3,Severe_Outbreak,77.0
sample529.npy,3,Severe_Outbreak,79.0
sample322.npy,2,Moderate_Blight,61.0
sample2623.npy,1,Early_Stress,31.0
sample1578.npy,1,Early_Stress,23.0
sample698.npy,2,Moderate_Blight,54.0
sample86.npy,3,Severe_Outbreak,78.0
sample313.npy,3,Severe_Outbreak,81.0
sample1440.npy,0,Healthy,8.0
sample2660.npy,2,Moderate_Blight,50.0
sample2562.npy,2,Moderate_Blight,62.0
sample1132.npy,3,Severe_Outbreak,97.0
sample2382.npy,2,Moderate_Blight,54.0
sample338.npy,2,Moderate_Blight,44.0
sample2233.npy,2,Moderate_Blight,62.0
sample756.npy,0,Healthy,14.0
sample950.npy,0,Healthy,1.0
sample1595.npy,2,Moderate_Blight,47.0
sample2616.npy,0,Healthy,9.0
sample810.npy,2,Moderate_Blight,65.0
sample1169.npy,1,Early_Stress,21.0
sample2033.npy,2,Moderate_Blight,45.0
sample1549.npy,1,Early_Stress,21.0
sample522.npy,0,Healthy,14.0
sample288.npy,1,Early_Stress,19.0
sample1179.npy,2,Moderate_Blight,45.0
sample645.npy,3,Severe_Outbreak,91.0
sample1265.npy,2,Moderate_Blight,41.0
sample1691.npy,2,Moderate_Blight,44.0
sample1361.npy,2,Moderate_Blight,50.0
sample1110.npy,2,Moderate_Blight,36.0
sample1183.npy,3,Severe_Outbreak,96.0
sample1753.npy,1,Early_Stress,25.0
sample615.npy,1,Early_Stress,29.0
sample2297.npy,2,Moderate_Blight,64.0
sample2561.npy,1,Early_Stress,23.0
sample2527.npy,2,Moderate_Blight,53.0
sample2538.npy,2,Moderate_Blight,44.0
sample931.npy,2,Moderate_Blight,40.0
sample2039.npy,2,Moderate_Blight,44.0
sample2497.npy,1,Early_Stress,28.0
sample73.npy,1,Early_Stress,35.0
sample2585.npy,3,Severe_Outbreak,90.0
sample1770.npy,2,Moderate_Blight,39.0
sample2431.npy,3,Severe_Outbreak,70.0
sample591.npy,0,Healthy,0.0
sample1579.npy,3,Severe_Outbreak,93.0
sample1001.npy,3,Severe_Outbreak,88.0
sample495.npy,2,Moderate_Blight,47.0
sample162.npy,2,Moderate_Blight,50.0
sample2474.npy,2,Moderate_Blight,40.0
sample2163.npy,3,Severe_Outbreak,71.0
sample889.npy,2,Moderate_Blight,52.0
sample791.npy,0,Healthy,12.0
sample236.npy,2,Moderate_Blight,62.0
sample266.npy,1,Early_Stress,21.0
sample2023.npy,1,Early_Stress,21.0
sample919.npy,2,Moderate_Blight,43.0
sample246.npy,2,Moderate_Blight,49.0
sample349.npy,3,Severe_Outbreak,83.0
sample1599.npy,3,Severe_Outbreak,66.0
sample1616.npy,2,Moderate_Blight,39.0
sample2132.npy,2,Moderate_Blight,40.0
sample1287.npy,3,Severe_Outbreak,89.0
sample1585.npy,2,Moderate_Blight,39.0
sample2292.npy,1,Early_Stress,28.0
sample2332.npy,2,Moderate_Blight,63.0
sample163.npy,3,Severe_Outbreak,82.0
sample2155.npy,3,Severe_Outbreak,77.0
sample2593.npy,3,Severe_Outbreak,66.0
sample1877.npy,2,Moderate_Blight,46.0
sample2177.npy,0,Healthy,0.0
sample2261.npy,3,Severe_Outbreak,82.0
sample2269.npy,3,Severe_Outbreak,79.0
sample564.npy,2,Moderate_Blight,58.0
sample2348.npy,1,Early_Stress,21.0
sample385.npy,2,Moderate_Blight,48.0
sample2378.npy,1,Early_Stress,19.0
sample2499.npy,3,Severe_Outbreak,83.0
sample221.npy,2,Moderate_Blight,41.0
sample940.npy,1,Early_Stress,26.0
sample958.npy,0,Healthy,4.0
sample2480.npy,2,Moderate_Blight,61.0
sample1948.npy,0,Healthy,7.0
sample1717.npy,3,Severe_Outbreak,86.0
sample2439.npy,3,Severe_Outbreak,96.0
sample2639.npy,2,Moderate_Blight,53.0
sample2551.npy,0,Healthy,7.0
sample2066.npy,1,Early_Stress,18.0
sample866.npy,3,Severe_Outbreak,98.0
sample1955.npy,1,Early_Stress,28.0
sample1488.npy,2,Moderate_Blight,48.0
sample2511.npy,1,Early_Stress,29.0
sample910.npy,0,Healthy,3.0
sample82.npy,3,Severe_Outbreak,96.0
sample2583.npy,2,Moderate_Blight,51.0
sample281.npy,0,Healthy,5.0
sample1087.npy,3,Severe_Outbreak,85.0
sample191.npy,3,Severe_Outbreak,71.0
sample1508.npy,3,Severe_Outbreak,69.0
sample1779.npy,2,Moderate_Blight,51.0
sample2337.npy,3,Severe_Outbreak,74.0
sample2695.npy,1,Early_Stress,24.0
sample1936.npy,2,Moderate_Blight,42.0
sample1187.npy,0,Healthy,4.0
sample1354.npy,1,Early_Stress,17.0
sample1785.npy,2,Moderate_Blight,44.0
sample1359.npy,2,Moderate_Blight,51.0
sample905.npy,3,Severe_Outbreak,80.0
sample1927.npy,3,Severe_Outbreak,66.0
sample2338.npy,3,Severe_Outbreak,72.0
sample1866.npy,2,Moderate_Blight,51.0
sample2414.npy,2,Moderate_Blight,51.0
sample2707.npy,1,Early_Stress,19.0
sample482.npy,0,Healthy,1.0
sample1725.npy,3,Severe_Outbreak,80.0
sample2578.npy,2,Moderate_Blight,49.0
sample75.npy,3,Severe_Outbreak,77.0
sample1453.npy,2,Moderate_Blight,45.0
sample1702.npy,1,Early_Stress,23.0
sample2679.npy,2,Moderate_Blight,50.0
sample1181.npy,1,Early_Stress,17.0
sample514.npy,2,Moderate_Blight,48.0
sample42.npy,2,Moderate_Blight,44.0
sample600.npy,3,Severe_Outbreak,76.0
sample2618.npy,1,Early_Stress,20.0
sample1341.npy,1,Early_Stress,16.0
sample653.npy,0,Healthy,1.0
sample1378.npy,0,Healthy,13.0
sample252.npy,3,Severe_Outbreak,82.0
sample1353.npy,2,Moderate_Blight,37.0
sample2371.npy,2,Moderate_Blight,58.0
sample2047.npy,3,Severe_Outbreak,81.0
sample2347.npy,1,Early_Stress,27.0
sample375.npy,3,Severe_Outbreak,91.0
sample2038.npy,1,Early_Stress,27.0
sample2231.npy,1,Early_Stress,22.0
sample862.npy,2,Moderate_Blight,60.0
sample1059.npy,3,Severe_Outbreak,67.0
sample406.npy,1,Early_Stress,24.0
sample2063.npy,0,Healthy,4.0
sample1444.npy,2,Moderate_Blight,55.0
sample1342.npy,1,Early_Stress,24.0
sample562.npy,3,Severe_Outbreak,77.0
sample1689.npy,2,Moderate_Blight,48.0
sample589.npy,1,Early_Stress,21.0
sample1713.npy,3,Severe_Outbreak,81.0
sample1970.npy,3,Severe_Outbreak,78.0
sample1792.npy,1,Early_Stress,30.0
sample1304.npy,1,Early_Stress,29.0
sample65.npy,1,Early_Stress,23.0
sample1916.npy,3,Severe_Outbreak,91.0
sample2149.npy,1,Early_Stress,26.0
sample1410.npy,1,Early_Stress,24.0
sample1735.npy,3,Severe_Outbreak,95.0
sample636.npy,1,Early_Stress,30.0
sample1898.npy,0,Healthy,9.0
sample333.npy,3,Severe_Outbreak,92.0
sample1182.npy,1,Early_Stress,20.0
sample1146.npy,0,Healthy,11.0
sample2422.npy,2,Moderate_Blight,37.0
sample755.npy,3,Severe_Outbreak,66.0
sample1633.npy,3,Severe_Outbreak,98.0
sample2351.npy,3,Severe_Outbreak,91.0
sample2017.npy,3,Severe_Outbreak,84.0
sample902.npy,2,Moderate_Blight,42.0
sample1920.npy,3,Severe_Outbreak,87.0
sample2428.npy,2,Moderate_Blight,62.0
sample30.npy,3,Severe_Outbreak,88.0
sample579.npy,3,Severe_Outbreak,71.0
sample1031.npy,0,Healthy,6.0
sample169.npy,0,Healthy,13.0
sample851.npy,3,Severe_Outbreak,70.0
sample2331.npy,2,Moderate_Blight,65.0
sample2252.npy,3,Severe_Outbreak,83.0
sample476.npy,3,Severe_Outbreak,96.0
sample2228.npy,3,Severe_Outbreak,67.0
sample901.npy,3,Severe_Outbreak,89.0
sample388.npy,3,Severe_Outbreak,90.0
sample1218.npy,0,Healthy,14.0
sample405.npy,2,Moderate_Blight,61.0
sample678.npy,2,Moderate_Blight,53.0
sample1541.npy,3,Severe_Outbreak,91.0
sample742.npy,3,Severe_Outbreak,79.0
sample2169.npy,3,Severe_Outbreak,78.0
sample543.npy,3,Severe_Outbreak,85.0
sample411.npy,3,Severe_Outbreak,68.0
sample1583.npy,1,Early_Stress,30.0
sample2377.npy,1,Early_Stress,16.0
sample2141.npy,2,Moderate_Blight,59.0
sample2710.npy,3,Severe_Outbreak,69.0
sample1507.npy,1,Early_Stress,27.0
sample1171.npy,0,Healthy,0.0
sample2627.npy,0,Healthy,11.0
sample187.npy,0,Healthy,13.0
sample393.npy,1,Early_Stress,20.0
sample853.npy,3,Severe_Outbreak,67.0
sample1976.npy,3,Severe_Outbreak,68.0
sample1428.npy,2,Moderate_Blight,59.0
sample1674.npy,0,Healthy,12.0
sample620.npy,3,Severe_Outbreak,93.0
sample101.npy,1,Early_Stress,16.0
sample1414.npy,2,Moderate_Blight,64.0
sample2067.npy,1,Early_Stress,30.0
sample642.npy,1,Early_Stress,18.0
sample1861.npy,3,Severe_Outbreak,94.0
sample2095.npy,3,Severe_Outbreak,80.0
sample740.npy,1,Early_Stress,16.0
sample2365.npy,0,Healthy,10.0
sample702.npy,2,Moderate_Blight,47.0
sample1694.npy,2,Moderate_Blight,51.0
sample2518.npy,3,Severe_Outbreak,90.0
sample1118.npy,2,Moderate_Blight,46.0
sample472.npy,0,Healthy,15.0
sample2335.npy,0,Healthy,12.0
sample1299.npy,2,Moderate_Blight,37.0
sample2115.npy,0,Healthy,10.0
sample1420.npy,3,Severe_Outbreak,87.0
sample502.npy,2,Moderate_Blight,64.0
sample2476.npy,2,Moderate_Blight,40.0
sample1988.npy,2,Moderate_Blight,54.0
sample2018.npy,2,Moderate_Blight,40.0
sample2166.npy,0,Healthy,15.0
sample1776.npy,0,Healthy,9.0
